[2025-05-03 15:56:08] local.ERROR: Symfony\Component\HttpKernel\Exception\NotFoundHttpException: The route .well-known/appspecific/com.chrome.devtools.json could not be found. in D:\XAMPP\htdocs\PetFurme\vendor\laravel\framework\src\Illuminate\Routing\AbstractRouteCollection.php:44
Stack trace:
#0 D:\XAMPP\htdocs\PetFurme\vendor\laravel\framework\src\Illuminate\Routing\RouteCollection.php(162): Illuminate\Routing\AbstractRouteCollection->handleMatchedRoute(Object(Illuminate\Http\Request), NULL)
#1 D:\XAMPP\htdocs\PetFurme\vendor\laravel\framework\src\Illuminate\Routing\Router.php(761): Illuminate\Routing\RouteCollection->match(Object(Illuminate\Http\Request))
#2 D:\XAMPP\htdocs\PetFurme\vendor\laravel\framework\src\Illuminate\Routing\Router.php(748): Illuminate\Routing\Router->findRoute(Object(Illuminate\Http\Request))
#3 D:\XAMPP\htdocs\PetFurme\vendor\laravel\framework\src\Illuminate\Routing\Router.php(737): Illuminate\Routing\Router->dispatchToRoute(Object(Illuminate\Http\Request))
#4 D:\XAMPP\htdocs\PetFurme\vendor\laravel\framework\src\Illuminate\Foundation\Http\Kernel.php(200): Illuminate\Routing\Router->dispatch(Object(Illuminate\Http\Request))
#5 D:\XAMPP\htdocs\PetFurme\vendor\laravel\framework\src\Illuminate\Pipeline\Pipeline.php(144): Illuminate\Foundation\Http\Kernel->Illuminate\Foundation\Http\{closure}(Object(Illuminate\Http\Request))
#6 D:\XAMPP\htdocs\PetFurme\vendor\livewire\livewire\src\Features\SupportDisablingBackButtonCache\DisableBackButtonCacheMiddleware.php(19): Illuminate\Pipeline\Pipeline->Illuminate\Pipeline\{closure}(Object(Illuminate\Http\Request))
#7 D:\XAMPP\htdocs\PetFurme\vendor\laravel\framework\src\Illuminate\Pipeline\Pipeline.php(183): Livewire\Features\SupportDisablingBackButtonCache\DisableBackButtonCacheMiddleware->handle(Object(Illuminate\Http\Request), Object(Closure))
#8 D:\XAMPP\htdocs\PetFurme\vendor\beyondcode\laravel-query-detector\src\QueryDetectorMiddleware.php(33): Illuminate\Pipeline\Pipeline->Illuminate\Pipeline\{closure}(Object(Illuminate\Http\Request))
#9 D:\XAMPP\htdocs\PetFurme\vendor\laravel\framework\src\Illuminate\Pipeline\Pipeline.php(183): BeyondCode\QueryDetector\QueryDetectorMiddleware->handle(Object(Illuminate\Http\Request), Object(Closure))
#10 D:\XAMPP\htdocs\PetFurme\app\Http\Middleware\ResponseCache.php(28): Illuminate\Pipeline\Pipeline->Illuminate\Pipeline\{closure}(Object(Illuminate\Http\Request))
#11 D:\XAMPP\htdocs\PetFurme\vendor\laravel\framework\src\Illuminate\Pipeline\Pipeline.php(183): App\Http\Middleware\ResponseCache->handle(Object(Illuminate\Http\Request), Object(Closure))
#12 D:\XAMPP\htdocs\PetFurme\app\Http\Middleware\CacheControl.php(12): Illuminate\Pipeline\Pipeline->Illuminate\Pipeline\{closure}(Object(Illuminate\Http\Request))
#13 D:\XAMPP\htdocs\PetFurme\vendor\laravel\framework\src\Illuminate\Pipeline\Pipeline.php(183): App\Http\Middleware\CacheControl->handle(Object(Illuminate\Http\Request), Object(Closure))
#14 D:\XAMPP\htdocs\PetFurme\vendor\laravel\framework\src\Illuminate\Foundation\Http\Middleware\TransformsRequest.php(21): Illuminate\Pipeline\Pipeline->Illuminate\Pipeline\{closure}(Object(Illuminate\Http\Request))
#15 D:\XAMPP\htdocs\PetFurme\vendor\laravel\framework\src\Illuminate\Foundation\Http\Middleware\ConvertEmptyStringsToNull.php(31): Illuminate\Foundation\Http\Middleware\TransformsRequest->handle(Object(Illuminate\Http\Request), Object(Closure))
#16 D:\XAMPP\htdocs\PetFurme\vendor\laravel\framework\src\Illuminate\Pipeline\Pipeline.php(183): Illuminate\Foundation\Http\Middleware\ConvertEmptyStringsToNull->handle(Object(Illuminate\Http\Request), Object(Closure))
#17 D:\XAMPP\htdocs\PetFurme\vendor\laravel\framework\src\Illuminate\Foundation\Http\Middleware\TransformsRequest.php(21): Illuminate\Pipeline\Pipeline->Illuminate\Pipeline\{closure}(Object(Illuminate\Http\Request))
#18 D:\XAMPP\htdocs\PetFurme\vendor\laravel\framework\src\Illuminate\Foundation\Http\Middleware\TrimStrings.php(40): Illuminate\Foundation\Http\Middleware\TransformsRequest->handle(Object(Illuminate\Http\Request), Object(Closure))
#19 D:\XAMPP\htdocs\PetFurme\vendor\laravel\framework\src\Illuminate\Pipeline\Pipeline.php(183): Illuminate\Foundation\Http\Middleware\TrimStrings->handle(Object(Illuminate\Http\Request), Object(Closure))
#20 D:\XAMPP\htdocs\PetFurme\vendor\laravel\framework\src\Illuminate\Foundation\Http\Middleware\ValidatePostSize.php(27): Illuminate\Pipeline\Pipeline->Illuminate\Pipeline\{closure}(Object(Illuminate\Http\Request))
#21 D:\XAMPP\htdocs\PetFurme\vendor\laravel\framework\src\Illuminate\Pipeline\Pipeline.php(183): Illuminate\Foundation\Http\Middleware\ValidatePostSize->handle(Object(Illuminate\Http\Request), Object(Closure))
#22 D:\XAMPP\htdocs\PetFurme\vendor\laravel\framework\src\Illuminate\Foundation\Http\Middleware\PreventRequestsDuringMaintenance.php(99): Illuminate\Pipeline\Pipeline->Illuminate\Pipeline\{closure}(Object(Illuminate\Http\Request))
#23 D:\XAMPP\htdocs\PetFurme\vendor\laravel\framework\src\Illuminate\Pipeline\Pipeline.php(183): Illuminate\Foundation\Http\Middleware\PreventRequestsDuringMaintenance->handle(Object(Illuminate\Http\Request), Object(Closure))
#24 D:\XAMPP\htdocs\PetFurme\vendor\laravel\framework\src\Illuminate\Http\Middleware\HandleCors.php(49): Illuminate\Pipeline\Pipeline->Illuminate\Pipeline\{closure}(Object(Illuminate\Http\Request))
#25 D:\XAMPP\htdocs\PetFurme\vendor\laravel\framework\src\Illuminate\Pipeline\Pipeline.php(183): Illuminate\Http\Middleware\HandleCors->handle(Object(Illuminate\Http\Request), Object(Closure))
#26 D:\XAMPP\htdocs\PetFurme\vendor\laravel\framework\src\Illuminate\Http\Middleware\TrustProxies.php(39): Illuminate\Pipeline\Pipeline->Illuminate\Pipeline\{closure}(Object(Illuminate\Http\Request))
#27 D:\XAMPP\htdocs\PetFurme\vendor\laravel\framework\src\Illuminate\Pipeline\Pipeline.php(183): Illuminate\Http\Middleware\TrustProxies->handle(Object(Illuminate\Http\Request), Object(Closure))
#28 D:\XAMPP\htdocs\PetFurme\vendor\laravel\framework\src\Illuminate\Pipeline\Pipeline.php(119): Illuminate\Pipeline\Pipeline->Illuminate\Pipeline\{closure}(Object(Illuminate\Http\Request))
#29 D:\XAMPP\htdocs\PetFurme\vendor\laravel\framework\src\Illuminate\Foundation\Http\Kernel.php(175): Illuminate\Pipeline\Pipeline->then(Object(Closure))
#30 D:\XAMPP\htdocs\PetFurme\vendor\laravel\framework\src\Illuminate\Foundation\Http\Kernel.php(144): Illuminate\Foundation\Http\Kernel->sendRequestThroughRouter(Object(Illuminate\Http\Request))
#31 D:\XAMPP\htdocs\PetFurme\public\index.php(51): Illuminate\Foundation\Http\Kernel->handle(Object(Illuminate\Http\Request))
#32 D:\XAMPP\htdocs\PetFurme\vendor\laravel\framework\src\Illuminate\Foundation\resources\server.php(16): require_once('D:\\XAMPP\\htdocs...')
#33 {main}  
[2025-05-03 15:56:14] local.INFO: Starting reminder process {"appointment_id":174,"appointment_date":"2025-05-03 00:00:00","appointment_time":"16:30:00","status":"confirmed","user_id":143} 
[2025-05-03 15:56:14] local.INFO: User details for reminder {"user_id":143,"name":"Arsenal","phone":"09214017593","has_phone":true} 
[2025-05-03 15:56:14] local.INFO: Prepared reminder message {"to_user":"Arsenal","to_phone":"09214017593","message_content":"Hi Arsenal, fdsfd's VetCare appointment is tomorrow at 4:30 PM, Saturday, May 3, 2025. See you!","appointment_date_formatted":"Saturday, May 3, 2025","appointment_time_formatted":"4:30 PM"} 
[2025-05-03 15:56:14] local.INFO: Twilio configuration {"sid_configured":true,"token_configured":true,"phone_configured":true,"from_phone":"+13602267382"} 
[2025-05-03 15:56:14] local.INFO: Sending SMS via Twilio {"to_number":"+639214017593","from_number":"+13602267382","message_length":95} 
[2025-05-03 15:56:16] local.WARNING: Twilio sending failed, using fallback: [HTTP 400] Unable to create record: Message cannot be sent with the current combination of 'To' (+63921401XXXX) and/or 'From' (+13602267382) parameters {"error":"[HTTP 400] Unable to create record: Message cannot be sent with the current combination of 'To' (+63921401XXXX) and/or 'From' (+13602267382) parameters","fallback_enabled":true} 
[2025-05-03 15:56:33] local.ERROR: Symfony\Component\HttpKernel\Exception\NotFoundHttpException: The route .well-known/appspecific/com.chrome.devtools.json could not be found. in D:\XAMPP\htdocs\PetFurme\vendor\laravel\framework\src\Illuminate\Routing\AbstractRouteCollection.php:44
Stack trace:
#0 D:\XAMPP\htdocs\PetFurme\vendor\laravel\framework\src\Illuminate\Routing\RouteCollection.php(162): Illuminate\Routing\AbstractRouteCollection->handleMatchedRoute(Object(Illuminate\Http\Request), NULL)
#1 D:\XAMPP\htdocs\PetFurme\vendor\laravel\framework\src\Illuminate\Routing\Router.php(761): Illuminate\Routing\RouteCollection->match(Object(Illuminate\Http\Request))
#2 D:\XAMPP\htdocs\PetFurme\vendor\laravel\framework\src\Illuminate\Routing\Router.php(748): Illuminate\Routing\Router->findRoute(Object(Illuminate\Http\Request))
#3 D:\XAMPP\htdocs\PetFurme\vendor\laravel\framework\src\Illuminate\Routing\Router.php(737): Illuminate\Routing\Router->dispatchToRoute(Object(Illuminate\Http\Request))
#4 D:\XAMPP\htdocs\PetFurme\vendor\laravel\framework\src\Illuminate\Foundation\Http\Kernel.php(200): Illuminate\Routing\Router->dispatch(Object(Illuminate\Http\Request))
#5 D:\XAMPP\htdocs\PetFurme\vendor\laravel\framework\src\Illuminate\Pipeline\Pipeline.php(144): Illuminate\Foundation\Http\Kernel->Illuminate\Foundation\Http\{closure}(Object(Illuminate\Http\Request))
#6 D:\XAMPP\htdocs\PetFurme\vendor\livewire\livewire\src\Features\SupportDisablingBackButtonCache\DisableBackButtonCacheMiddleware.php(19): Illuminate\Pipeline\Pipeline->Illuminate\Pipeline\{closure}(Object(Illuminate\Http\Request))
#7 D:\XAMPP\htdocs\PetFurme\vendor\laravel\framework\src\Illuminate\Pipeline\Pipeline.php(183): Livewire\Features\SupportDisablingBackButtonCache\DisableBackButtonCacheMiddleware->handle(Object(Illuminate\Http\Request), Object(Closure))
#8 D:\XAMPP\htdocs\PetFurme\vendor\beyondcode\laravel-query-detector\src\QueryDetectorMiddleware.php(33): Illuminate\Pipeline\Pipeline->Illuminate\Pipeline\{closure}(Object(Illuminate\Http\Request))
#9 D:\XAMPP\htdocs\PetFurme\vendor\laravel\framework\src\Illuminate\Pipeline\Pipeline.php(183): BeyondCode\QueryDetector\QueryDetectorMiddleware->handle(Object(Illuminate\Http\Request), Object(Closure))
#10 D:\XAMPP\htdocs\PetFurme\app\Http\Middleware\ResponseCache.php(28): Illuminate\Pipeline\Pipeline->Illuminate\Pipeline\{closure}(Object(Illuminate\Http\Request))
#11 D:\XAMPP\htdocs\PetFurme\vendor\laravel\framework\src\Illuminate\Pipeline\Pipeline.php(183): App\Http\Middleware\ResponseCache->handle(Object(Illuminate\Http\Request), Object(Closure))
#12 D:\XAMPP\htdocs\PetFurme\app\Http\Middleware\CacheControl.php(12): Illuminate\Pipeline\Pipeline->Illuminate\Pipeline\{closure}(Object(Illuminate\Http\Request))
#13 D:\XAMPP\htdocs\PetFurme\vendor\laravel\framework\src\Illuminate\Pipeline\Pipeline.php(183): App\Http\Middleware\CacheControl->handle(Object(Illuminate\Http\Request), Object(Closure))
#14 D:\XAMPP\htdocs\PetFurme\vendor\laravel\framework\src\Illuminate\Foundation\Http\Middleware\TransformsRequest.php(21): Illuminate\Pipeline\Pipeline->Illuminate\Pipeline\{closure}(Object(Illuminate\Http\Request))
#15 D:\XAMPP\htdocs\PetFurme\vendor\laravel\framework\src\Illuminate\Foundation\Http\Middleware\ConvertEmptyStringsToNull.php(31): Illuminate\Foundation\Http\Middleware\TransformsRequest->handle(Object(Illuminate\Http\Request), Object(Closure))
#16 D:\XAMPP\htdocs\PetFurme\vendor\laravel\framework\src\Illuminate\Pipeline\Pipeline.php(183): Illuminate\Foundation\Http\Middleware\ConvertEmptyStringsToNull->handle(Object(Illuminate\Http\Request), Object(Closure))
#17 D:\XAMPP\htdocs\PetFurme\vendor\laravel\framework\src\Illuminate\Foundation\Http\Middleware\TransformsRequest.php(21): Illuminate\Pipeline\Pipeline->Illuminate\Pipeline\{closure}(Object(Illuminate\Http\Request))
#18 D:\XAMPP\htdocs\PetFurme\vendor\laravel\framework\src\Illuminate\Foundation\Http\Middleware\TrimStrings.php(40): Illuminate\Foundation\Http\Middleware\TransformsRequest->handle(Object(Illuminate\Http\Request), Object(Closure))
#19 D:\XAMPP\htdocs\PetFurme\vendor\laravel\framework\src\Illuminate\Pipeline\Pipeline.php(183): Illuminate\Foundation\Http\Middleware\TrimStrings->handle(Object(Illuminate\Http\Request), Object(Closure))
#20 D:\XAMPP\htdocs\PetFurme\vendor\laravel\framework\src\Illuminate\Foundation\Http\Middleware\ValidatePostSize.php(27): Illuminate\Pipeline\Pipeline->Illuminate\Pipeline\{closure}(Object(Illuminate\Http\Request))
#21 D:\XAMPP\htdocs\PetFurme\vendor\laravel\framework\src\Illuminate\Pipeline\Pipeline.php(183): Illuminate\Foundation\Http\Middleware\ValidatePostSize->handle(Object(Illuminate\Http\Request), Object(Closure))
#22 D:\XAMPP\htdocs\PetFurme\vendor\laravel\framework\src\Illuminate\Foundation\Http\Middleware\PreventRequestsDuringMaintenance.php(99): Illuminate\Pipeline\Pipeline->Illuminate\Pipeline\{closure}(Object(Illuminate\Http\Request))
#23 D:\XAMPP\htdocs\PetFurme\vendor\laravel\framework\src\Illuminate\Pipeline\Pipeline.php(183): Illuminate\Foundation\Http\Middleware\PreventRequestsDuringMaintenance->handle(Object(Illuminate\Http\Request), Object(Closure))
#24 D:\XAMPP\htdocs\PetFurme\vendor\laravel\framework\src\Illuminate\Http\Middleware\HandleCors.php(49): Illuminate\Pipeline\Pipeline->Illuminate\Pipeline\{closure}(Object(Illuminate\Http\Request))
#25 D:\XAMPP\htdocs\PetFurme\vendor\laravel\framework\src\Illuminate\Pipeline\Pipeline.php(183): Illuminate\Http\Middleware\HandleCors->handle(Object(Illuminate\Http\Request), Object(Closure))
#26 D:\XAMPP\htdocs\PetFurme\vendor\laravel\framework\src\Illuminate\Http\Middleware\TrustProxies.php(39): Illuminate\Pipeline\Pipeline->Illuminate\Pipeline\{closure}(Object(Illuminate\Http\Request))
#27 D:\XAMPP\htdocs\PetFurme\vendor\laravel\framework\src\Illuminate\Pipeline\Pipeline.php(183): Illuminate\Http\Middleware\TrustProxies->handle(Object(Illuminate\Http\Request), Object(Closure))
#28 D:\XAMPP\htdocs\PetFurme\vendor\laravel\framework\src\Illuminate\Pipeline\Pipeline.php(119): Illuminate\Pipeline\Pipeline->Illuminate\Pipeline\{closure}(Object(Illuminate\Http\Request))
#29 D:\XAMPP\htdocs\PetFurme\vendor\laravel\framework\src\Illuminate\Foundation\Http\Kernel.php(175): Illuminate\Pipeline\Pipeline->then(Object(Closure))
#30 D:\XAMPP\htdocs\PetFurme\vendor\laravel\framework\src\Illuminate\Foundation\Http\Kernel.php(144): Illuminate\Foundation\Http\Kernel->sendRequestThroughRouter(Object(Illuminate\Http\Request))
#31 D:\XAMPP\htdocs\PetFurme\public\index.php(51): Illuminate\Foundation\Http\Kernel->handle(Object(Illuminate\Http\Request))
#32 D:\XAMPP\htdocs\PetFurme\vendor\laravel\framework\src\Illuminate\Foundation\resources\server.php(16): require_once('D:\\XAMPP\\htdocs...')
#33 {main}  
[2025-05-04 20:44:23] production.ERROR: Symfony\Component\Console\Exception\RuntimeException: The "--local" option does not exist. in D:\XAMPP\htdocs\PetFurme\vendor\symfony\console\Input\ArgvInput.php:223
Stack trace:
#0 D:\XAMPP\htdocs\PetFurme\vendor\symfony\console\Input\ArgvInput.php(150): Symfony\Component\Console\Input\ArgvInput->addLongOption('local', 'env')
#1 D:\XAMPP\htdocs\PetFurme\vendor\symfony\console\Input\ArgvInput.php(85): Symfony\Component\Console\Input\ArgvInput->parseLongOption('--local=env')
#2 D:\XAMPP\htdocs\PetFurme\vendor\symfony\console\Input\ArgvInput.php(74): Symfony\Component\Console\Input\ArgvInput->parseToken('--local=env', true)
#3 D:\XAMPP\htdocs\PetFurme\vendor\symfony\console\Input\Input.php(56): Symfony\Component\Console\Input\ArgvInput->parse()
#4 D:\XAMPP\htdocs\PetFurme\vendor\symfony\console\Command\Command.php(285): Symfony\Component\Console\Input\Input->bind(Object(Symfony\Component\Console\Input\InputDefinition))
#5 D:\XAMPP\htdocs\PetFurme\vendor\laravel\framework\src\Illuminate\Console\Command.php(180): Symfony\Component\Console\Command\Command->run(Object(Symfony\Component\Console\Input\ArgvInput), Object(Illuminate\Console\OutputStyle))
#6 D:\XAMPP\htdocs\PetFurme\vendor\symfony\console\Application.php(1096): Illuminate\Console\Command->run(Object(Symfony\Component\Console\Input\ArgvInput), Object(Symfony\Component\Console\Output\ConsoleOutput))
#7 D:\XAMPP\htdocs\PetFurme\vendor\symfony\console\Application.php(324): Symfony\Component\Console\Application->doRunCommand(Object(Illuminate\Foundation\Console\ServeCommand), Object(Symfony\Component\Console\Input\ArgvInput), Object(Symfony\Component\Console\Output\ConsoleOutput))
#8 D:\XAMPP\htdocs\PetFurme\vendor\symfony\console\Application.php(175): Symfony\Component\Console\Application->doRun(Object(Symfony\Component\Console\Input\ArgvInput), Object(Symfony\Component\Console\Output\ConsoleOutput))
#9 D:\XAMPP\htdocs\PetFurme\vendor\laravel\framework\src\Illuminate\Foundation\Console\Kernel.php(201): Symfony\Component\Console\Application->run(Object(Symfony\Component\Console\Input\ArgvInput), Object(Symfony\Component\Console\Output\ConsoleOutput))
#10 D:\XAMPP\htdocs\PetFurme\artisan(35): Illuminate\Foundation\Console\Kernel->handle(Object(Symfony\Component\Console\Input\ArgvInput), Object(Symfony\Component\Console\Output\ConsoleOutput))
#11 {main}  
[2025-05-04 20:44:23] production.ERROR: The "--local" option does not exist. {"exception":"[object] (Symfony\\Component\\Console\\Exception\\RuntimeException(code: 0): The \"--local\" option does not exist. at D:\\XAMPP\\htdocs\\PetFurme\\vendor\\symfony\\console\\Input\\ArgvInput.php:223)
[stacktrace]
#0 D:\\XAMPP\\htdocs\\PetFurme\\vendor\\symfony\\console\\Input\\ArgvInput.php(150): Symfony\\Component\\Console\\Input\\ArgvInput->addLongOption('local', 'env')
#1 D:\\XAMPP\\htdocs\\PetFurme\\vendor\\symfony\\console\\Input\\ArgvInput.php(85): Symfony\\Component\\Console\\Input\\ArgvInput->parseLongOption('--local=env')
#2 D:\\XAMPP\\htdocs\\PetFurme\\vendor\\symfony\\console\\Input\\ArgvInput.php(74): Symfony\\Component\\Console\\Input\\ArgvInput->parseToken('--local=env', true)
#3 D:\\XAMPP\\htdocs\\PetFurme\\vendor\\symfony\\console\\Input\\Input.php(56): Symfony\\Component\\Console\\Input\\ArgvInput->parse()
#4 D:\\XAMPP\\htdocs\\PetFurme\\vendor\\symfony\\console\\Command\\Command.php(285): Symfony\\Component\\Console\\Input\\Input->bind(Object(Symfony\\Component\\Console\\Input\\InputDefinition))
#5 D:\\XAMPP\\htdocs\\PetFurme\\vendor\\laravel\\framework\\src\\Illuminate\\Console\\Command.php(180): Symfony\\Component\\Console\\Command\\Command->run(Object(Symfony\\Component\\Console\\Input\\ArgvInput), Object(Illuminate\\Console\\OutputStyle))
#6 D:\\XAMPP\\htdocs\\PetFurme\\vendor\\symfony\\console\\Application.php(1096): Illuminate\\Console\\Command->run(Object(Symfony\\Component\\Console\\Input\\ArgvInput), Object(Symfony\\Component\\Console\\Output\\ConsoleOutput))
#7 D:\\XAMPP\\htdocs\\PetFurme\\vendor\\symfony\\console\\Application.php(324): Symfony\\Component\\Console\\Application->doRunCommand(Object(Illuminate\\Foundation\\Console\\ServeCommand), Object(Symfony\\Component\\Console\\Input\\ArgvInput), Object(Symfony\\Component\\Console\\Output\\ConsoleOutput))
#8 D:\\XAMPP\\htdocs\\PetFurme\\vendor\\symfony\\console\\Application.php(175): Symfony\\Component\\Console\\Application->doRun(Object(Symfony\\Component\\Console\\Input\\ArgvInput), Object(Symfony\\Component\\Console\\Output\\ConsoleOutput))
#9 D:\\XAMPP\\htdocs\\PetFurme\\vendor\\laravel\\framework\\src\\Illuminate\\Foundation\\Console\\Kernel.php(201): Symfony\\Component\\Console\\Application->run(Object(Symfony\\Component\\Console\\Input\\ArgvInput), Object(Symfony\\Component\\Console\\Output\\ConsoleOutput))
#10 D:\\XAMPP\\htdocs\\PetFurme\\artisan(35): Illuminate\\Foundation\\Console\\Kernel->handle(Object(Symfony\\Component\\Console\\Input\\ArgvInput), Object(Symfony\\Component\\Console\\Output\\ConsoleOutput))
#11 {main}
"} 
[2025-05-04 20:44:52] production.ERROR: Symfony\Component\Console\Exception\RuntimeException: The "--local" option does not exist. in D:\XAMPP\htdocs\PetFurme\vendor\symfony\console\Input\ArgvInput.php:223
Stack trace:
#0 D:\XAMPP\htdocs\PetFurme\vendor\symfony\console\Input\ArgvInput.php(150): Symfony\Component\Console\Input\ArgvInput->addLongOption('local', 'env')
#1 D:\XAMPP\htdocs\PetFurme\vendor\symfony\console\Input\ArgvInput.php(85): Symfony\Component\Console\Input\ArgvInput->parseLongOption('--local=env')
#2 D:\XAMPP\htdocs\PetFurme\vendor\symfony\console\Input\ArgvInput.php(74): Symfony\Component\Console\Input\ArgvInput->parseToken('--local=env', true)
#3 D:\XAMPP\htdocs\PetFurme\vendor\symfony\console\Input\Input.php(56): Symfony\Component\Console\Input\ArgvInput->parse()
#4 D:\XAMPP\htdocs\PetFurme\vendor\symfony\console\Command\Command.php(285): Symfony\Component\Console\Input\Input->bind(Object(Symfony\Component\Console\Input\InputDefinition))
#5 D:\XAMPP\htdocs\PetFurme\vendor\laravel\framework\src\Illuminate\Console\Command.php(180): Symfony\Component\Console\Command\Command->run(Object(Symfony\Component\Console\Input\ArgvInput), Object(Illuminate\Console\OutputStyle))
#6 D:\XAMPP\htdocs\PetFurme\vendor\symfony\console\Application.php(1096): Illuminate\Console\Command->run(Object(Symfony\Component\Console\Input\ArgvInput), Object(Symfony\Component\Console\Output\ConsoleOutput))
#7 D:\XAMPP\htdocs\PetFurme\vendor\symfony\console\Application.php(324): Symfony\Component\Console\Application->doRunCommand(Object(Illuminate\Foundation\Console\ServeCommand), Object(Symfony\Component\Console\Input\ArgvInput), Object(Symfony\Component\Console\Output\ConsoleOutput))
#8 D:\XAMPP\htdocs\PetFurme\vendor\symfony\console\Application.php(175): Symfony\Component\Console\Application->doRun(Object(Symfony\Component\Console\Input\ArgvInput), Object(Symfony\Component\Console\Output\ConsoleOutput))
#9 D:\XAMPP\htdocs\PetFurme\vendor\laravel\framework\src\Illuminate\Foundation\Console\Kernel.php(201): Symfony\Component\Console\Application->run(Object(Symfony\Component\Console\Input\ArgvInput), Object(Symfony\Component\Console\Output\ConsoleOutput))
#10 D:\XAMPP\htdocs\PetFurme\artisan(35): Illuminate\Foundation\Console\Kernel->handle(Object(Symfony\Component\Console\Input\ArgvInput), Object(Symfony\Component\Console\Output\ConsoleOutput))
#11 {main}  
[2025-05-04 20:44:52] production.ERROR: The "--local" option does not exist. {"exception":"[object] (Symfony\\Component\\Console\\Exception\\RuntimeException(code: 0): The \"--local\" option does not exist. at D:\\XAMPP\\htdocs\\PetFurme\\vendor\\symfony\\console\\Input\\ArgvInput.php:223)
[stacktrace]
#0 D:\\XAMPP\\htdocs\\PetFurme\\vendor\\symfony\\console\\Input\\ArgvInput.php(150): Symfony\\Component\\Console\\Input\\ArgvInput->addLongOption('local', 'env')
#1 D:\\XAMPP\\htdocs\\PetFurme\\vendor\\symfony\\console\\Input\\ArgvInput.php(85): Symfony\\Component\\Console\\Input\\ArgvInput->parseLongOption('--local=env')
#2 D:\\XAMPP\\htdocs\\PetFurme\\vendor\\symfony\\console\\Input\\ArgvInput.php(74): Symfony\\Component\\Console\\Input\\ArgvInput->parseToken('--local=env', true)
#3 D:\\XAMPP\\htdocs\\PetFurme\\vendor\\symfony\\console\\Input\\Input.php(56): Symfony\\Component\\Console\\Input\\ArgvInput->parse()
#4 D:\\XAMPP\\htdocs\\PetFurme\\vendor\\symfony\\console\\Command\\Command.php(285): Symfony\\Component\\Console\\Input\\Input->bind(Object(Symfony\\Component\\Console\\Input\\InputDefinition))
#5 D:\\XAMPP\\htdocs\\PetFurme\\vendor\\laravel\\framework\\src\\Illuminate\\Console\\Command.php(180): Symfony\\Component\\Console\\Command\\Command->run(Object(Symfony\\Component\\Console\\Input\\ArgvInput), Object(Illuminate\\Console\\OutputStyle))
#6 D:\\XAMPP\\htdocs\\PetFurme\\vendor\\symfony\\console\\Application.php(1096): Illuminate\\Console\\Command->run(Object(Symfony\\Component\\Console\\Input\\ArgvInput), Object(Symfony\\Component\\Console\\Output\\ConsoleOutput))
#7 D:\\XAMPP\\htdocs\\PetFurme\\vendor\\symfony\\console\\Application.php(324): Symfony\\Component\\Console\\Application->doRunCommand(Object(Illuminate\\Foundation\\Console\\ServeCommand), Object(Symfony\\Component\\Console\\Input\\ArgvInput), Object(Symfony\\Component\\Console\\Output\\ConsoleOutput))
#8 D:\\XAMPP\\htdocs\\PetFurme\\vendor\\symfony\\console\\Application.php(175): Symfony\\Component\\Console\\Application->doRun(Object(Symfony\\Component\\Console\\Input\\ArgvInput), Object(Symfony\\Component\\Console\\Output\\ConsoleOutput))
#9 D:\\XAMPP\\htdocs\\PetFurme\\vendor\\laravel\\framework\\src\\Illuminate\\Foundation\\Console\\Kernel.php(201): Symfony\\Component\\Console\\Application->run(Object(Symfony\\Component\\Console\\Input\\ArgvInput), Object(Symfony\\Component\\Console\\Output\\ConsoleOutput))
#10 D:\\XAMPP\\htdocs\\PetFurme\\artisan(35): Illuminate\\Foundation\\Console\\Kernel->handle(Object(Symfony\\Component\\Console\\Input\\ArgvInput), Object(Symfony\\Component\\Console\\Output\\ConsoleOutput))
#11 {main}
"} 
[2025-05-04 20:45:16] local.ERROR: Illuminate\Auth\AuthenticationException: Unauthenticated. in D:\XAMPP\htdocs\PetFurme\vendor\laravel\framework\src\Illuminate\Auth\Middleware\Authenticate.php:95
Stack trace:
#0 D:\XAMPP\htdocs\PetFurme\vendor\laravel\framework\src\Illuminate\Auth\Middleware\Authenticate.php(81): Illuminate\Auth\Middleware\Authenticate->unauthenticated(Object(Illuminate\Http\Request), Array)
#1 D:\XAMPP\htdocs\PetFurme\vendor\laravel\framework\src\Illuminate\Auth\Middleware\Authenticate.php(55): Illuminate\Auth\Middleware\Authenticate->authenticate(Object(Illuminate\Http\Request), Array)
#2 D:\XAMPP\htdocs\PetFurme\vendor\laravel\framework\src\Illuminate\Pipeline\Pipeline.php(183): Illuminate\Auth\Middleware\Authenticate->handle(Object(Illuminate\Http\Request), Object(Closure))
#3 D:\XAMPP\htdocs\PetFurme\vendor\laravel\framework\src\Illuminate\Foundation\Http\Middleware\VerifyCsrfToken.php(78): Illuminate\Pipeline\Pipeline->Illuminate\Pipeline\{closure}(Object(Illuminate\Http\Request))
#4 D:\XAMPP\htdocs\PetFurme\vendor\laravel\framework\src\Illuminate\Pipeline\Pipeline.php(183): Illuminate\Foundation\Http\Middleware\VerifyCsrfToken->handle(Object(Illuminate\Http\Request), Object(Closure))
#5 D:\XAMPP\htdocs\PetFurme\vendor\laravel\framework\src\Illuminate\View\Middleware\ShareErrorsFromSession.php(49): Illuminate\Pipeline\Pipeline->Illuminate\Pipeline\{closure}(Object(Illuminate\Http\Request))
#6 D:\XAMPP\htdocs\PetFurme\vendor\laravel\framework\src\Illuminate\Pipeline\Pipeline.php(183): Illuminate\View\Middleware\ShareErrorsFromSession->handle(Object(Illuminate\Http\Request), Object(Closure))
#7 D:\XAMPP\htdocs\PetFurme\vendor\laravel\framework\src\Illuminate\Session\Middleware\StartSession.php(121): Illuminate\Pipeline\Pipeline->Illuminate\Pipeline\{closure}(Object(Illuminate\Http\Request))
#8 D:\XAMPP\htdocs\PetFurme\vendor\laravel\framework\src\Illuminate\Session\Middleware\StartSession.php(64): Illuminate\Session\Middleware\StartSession->handleStatefulRequest(Object(Illuminate\Http\Request), Object(Illuminate\Session\Store), Object(Closure))
#9 D:\XAMPP\htdocs\PetFurme\vendor\laravel\framework\src\Illuminate\Pipeline\Pipeline.php(183): Illuminate\Session\Middleware\StartSession->handle(Object(Illuminate\Http\Request), Object(Closure))
#10 D:\XAMPP\htdocs\PetFurme\vendor\laravel\framework\src\Illuminate\Cookie\Middleware\AddQueuedCookiesToResponse.php(37): Illuminate\Pipeline\Pipeline->Illuminate\Pipeline\{closure}(Object(Illuminate\Http\Request))
#11 D:\XAMPP\htdocs\PetFurme\vendor\laravel\framework\src\Illuminate\Pipeline\Pipeline.php(183): Illuminate\Cookie\Middleware\AddQueuedCookiesToResponse->handle(Object(Illuminate\Http\Request), Object(Closure))
#12 D:\XAMPP\htdocs\PetFurme\vendor\laravel\framework\src\Illuminate\Cookie\Middleware\EncryptCookies.php(67): Illuminate\Pipeline\Pipeline->Illuminate\Pipeline\{closure}(Object(Illuminate\Http\Request))
#13 D:\XAMPP\htdocs\PetFurme\vendor\laravel\framework\src\Illuminate\Pipeline\Pipeline.php(183): Illuminate\Cookie\Middleware\EncryptCookies->handle(Object(Illuminate\Http\Request), Object(Closure))
#14 D:\XAMPP\htdocs\PetFurme\vendor\laravel\framework\src\Illuminate\Pipeline\Pipeline.php(119): Illuminate\Pipeline\Pipeline->Illuminate\Pipeline\{closure}(Object(Illuminate\Http\Request))
#15 D:\XAMPP\htdocs\PetFurme\vendor\laravel\framework\src\Illuminate\Routing\Router.php(805): Illuminate\Pipeline\Pipeline->then(Object(Closure))
#16 D:\XAMPP\htdocs\PetFurme\vendor\laravel\framework\src\Illuminate\Routing\Router.php(784): Illuminate\Routing\Router->runRouteWithinStack(Object(Illuminate\Routing\Route), Object(Illuminate\Http\Request))
#17 D:\XAMPP\htdocs\PetFurme\vendor\laravel\framework\src\Illuminate\Routing\Router.php(748): Illuminate\Routing\Router->runRoute(Object(Illuminate\Http\Request), Object(Illuminate\Routing\Route))
#18 D:\XAMPP\htdocs\PetFurme\vendor\laravel\framework\src\Illuminate\Routing\Router.php(737): Illuminate\Routing\Router->dispatchToRoute(Object(Illuminate\Http\Request))
#19 D:\XAMPP\htdocs\PetFurme\vendor\laravel\framework\src\Illuminate\Foundation\Http\Kernel.php(200): Illuminate\Routing\Router->dispatch(Object(Illuminate\Http\Request))
#20 D:\XAMPP\htdocs\PetFurme\vendor\laravel\framework\src\Illuminate\Pipeline\Pipeline.php(144): Illuminate\Foundation\Http\Kernel->Illuminate\Foundation\Http\{closure}(Object(Illuminate\Http\Request))
#21 D:\XAMPP\htdocs\PetFurme\vendor\livewire\livewire\src\Features\SupportDisablingBackButtonCache\DisableBackButtonCacheMiddleware.php(19): Illuminate\Pipeline\Pipeline->Illuminate\Pipeline\{closure}(Object(Illuminate\Http\Request))
#22 D:\XAMPP\htdocs\PetFurme\vendor\laravel\framework\src\Illuminate\Pipeline\Pipeline.php(183): Livewire\Features\SupportDisablingBackButtonCache\DisableBackButtonCacheMiddleware->handle(Object(Illuminate\Http\Request), Object(Closure))
#23 D:\XAMPP\htdocs\PetFurme\vendor\beyondcode\laravel-query-detector\src\QueryDetectorMiddleware.php(33): Illuminate\Pipeline\Pipeline->Illuminate\Pipeline\{closure}(Object(Illuminate\Http\Request))
#24 D:\XAMPP\htdocs\PetFurme\vendor\laravel\framework\src\Illuminate\Pipeline\Pipeline.php(183): BeyondCode\QueryDetector\QueryDetectorMiddleware->handle(Object(Illuminate\Http\Request), Object(Closure))
#25 D:\XAMPP\htdocs\PetFurme\app\Http\Middleware\ResponseCache.php(28): Illuminate\Pipeline\Pipeline->Illuminate\Pipeline\{closure}(Object(Illuminate\Http\Request))
#26 D:\XAMPP\htdocs\PetFurme\vendor\laravel\framework\src\Illuminate\Pipeline\Pipeline.php(183): App\Http\Middleware\ResponseCache->handle(Object(Illuminate\Http\Request), Object(Closure))
#27 D:\XAMPP\htdocs\PetFurme\app\Http\Middleware\CacheControl.php(12): Illuminate\Pipeline\Pipeline->Illuminate\Pipeline\{closure}(Object(Illuminate\Http\Request))
#28 D:\XAMPP\htdocs\PetFurme\vendor\laravel\framework\src\Illuminate\Pipeline\Pipeline.php(183): App\Http\Middleware\CacheControl->handle(Object(Illuminate\Http\Request), Object(Closure))
#29 D:\XAMPP\htdocs\PetFurme\vendor\laravel\framework\src\Illuminate\Foundation\Http\Middleware\TransformsRequest.php(21): Illuminate\Pipeline\Pipeline->Illuminate\Pipeline\{closure}(Object(Illuminate\Http\Request))
#30 D:\XAMPP\htdocs\PetFurme\vendor\laravel\framework\src\Illuminate\Foundation\Http\Middleware\ConvertEmptyStringsToNull.php(31): Illuminate\Foundation\Http\Middleware\TransformsRequest->handle(Object(Illuminate\Http\Request), Object(Closure))
#31 D:\XAMPP\htdocs\PetFurme\vendor\laravel\framework\src\Illuminate\Pipeline\Pipeline.php(183): Illuminate\Foundation\Http\Middleware\ConvertEmptyStringsToNull->handle(Object(Illuminate\Http\Request), Object(Closure))
#32 D:\XAMPP\htdocs\PetFurme\vendor\laravel\framework\src\Illuminate\Foundation\Http\Middleware\TransformsRequest.php(21): Illuminate\Pipeline\Pipeline->Illuminate\Pipeline\{closure}(Object(Illuminate\Http\Request))
#33 D:\XAMPP\htdocs\PetFurme\vendor\laravel\framework\src\Illuminate\Foundation\Http\Middleware\TrimStrings.php(40): Illuminate\Foundation\Http\Middleware\TransformsRequest->handle(Object(Illuminate\Http\Request), Object(Closure))
#34 D:\XAMPP\htdocs\PetFurme\vendor\laravel\framework\src\Illuminate\Pipeline\Pipeline.php(183): Illuminate\Foundation\Http\Middleware\TrimStrings->handle(Object(Illuminate\Http\Request), Object(Closure))
#35 D:\XAMPP\htdocs\PetFurme\vendor\laravel\framework\src\Illuminate\Foundation\Http\Middleware\ValidatePostSize.php(27): Illuminate\Pipeline\Pipeline->Illuminate\Pipeline\{closure}(Object(Illuminate\Http\Request))
#36 D:\XAMPP\htdocs\PetFurme\vendor\laravel\framework\src\Illuminate\Pipeline\Pipeline.php(183): Illuminate\Foundation\Http\Middleware\ValidatePostSize->handle(Object(Illuminate\Http\Request), Object(Closure))
#37 D:\XAMPP\htdocs\PetFurme\vendor\laravel\framework\src\Illuminate\Foundation\Http\Middleware\PreventRequestsDuringMaintenance.php(99): Illuminate\Pipeline\Pipeline->Illuminate\Pipeline\{closure}(Object(Illuminate\Http\Request))
#38 D:\XAMPP\htdocs\PetFurme\vendor\laravel\framework\src\Illuminate\Pipeline\Pipeline.php(183): Illuminate\Foundation\Http\Middleware\PreventRequestsDuringMaintenance->handle(Object(Illuminate\Http\Request), Object(Closure))
#39 D:\XAMPP\htdocs\PetFurme\vendor\laravel\framework\src\Illuminate\Http\Middleware\HandleCors.php(49): Illuminate\Pipeline\Pipeline->Illuminate\Pipeline\{closure}(Object(Illuminate\Http\Request))
#40 D:\XAMPP\htdocs\PetFurme\vendor\laravel\framework\src\Illuminate\Pipeline\Pipeline.php(183): Illuminate\Http\Middleware\HandleCors->handle(Object(Illuminate\Http\Request), Object(Closure))
#41 D:\XAMPP\htdocs\PetFurme\vendor\laravel\framework\src\Illuminate\Http\Middleware\TrustProxies.php(39): Illuminate\Pipeline\Pipeline->Illuminate\Pipeline\{closure}(Object(Illuminate\Http\Request))
#42 D:\XAMPP\htdocs\PetFurme\vendor\laravel\framework\src\Illuminate\Pipeline\Pipeline.php(183): Illuminate\Http\Middleware\TrustProxies->handle(Object(Illuminate\Http\Request), Object(Closure))
#43 D:\XAMPP\htdocs\PetFurme\vendor\laravel\framework\src\Illuminate\Pipeline\Pipeline.php(119): Illuminate\Pipeline\Pipeline->Illuminate\Pipeline\{closure}(Object(Illuminate\Http\Request))
#44 D:\XAMPP\htdocs\PetFurme\vendor\laravel\framework\src\Illuminate\Foundation\Http\Kernel.php(175): Illuminate\Pipeline\Pipeline->then(Object(Closure))
#45 D:\XAMPP\htdocs\PetFurme\vendor\laravel\framework\src\Illuminate\Foundation\Http\Kernel.php(144): Illuminate\Foundation\Http\Kernel->sendRequestThroughRouter(Object(Illuminate\Http\Request))
#46 D:\XAMPP\htdocs\PetFurme\public\index.php(51): Illuminate\Foundation\Http\Kernel->handle(Object(Illuminate\Http\Request))
#47 D:\XAMPP\htdocs\PetFurme\vendor\laravel\framework\src\Illuminate\Foundation\resources\server.php(16): require_once('D:\\XAMPP\\htdocs...')
#48 {main}  
[2025-05-04 20:45:16] local.INFO: Loading image: http://127.0.0.1:8000/storage/carousel/Carousel1.jpg  
[2025-05-04 20:45:16] local.INFO: Loading image: http://127.0.0.1:8000/storage/carousel/Carousel2.jpg  
[2025-05-04 20:45:16] local.INFO: Loading image: http://127.0.0.1:8000/storage/carousel/Carousel3.jpg  
[2025-05-04 20:45:26] local.INFO: Dashboard Counts: {"total_pets":1,"today_pets":0,"total_appointments":6,"today_appointments":0} 
[2025-05-04 20:47:07] local.INFO: Appointment request data {"all_data":{"_token":"XlpPXjgXx6vrug1EnWYeToyj1zcOYn8b9E6lIILS","owner_id":"143","pet_id":"88","owner_name":null,"walkin_pet_name":null,"walkin_pet_type":null,"walkin_pet_breed":null,"walkin_pet_age":null,"walkin_age_unit":"years","walkin_pet_weight":null,"walkin_pet_gender":null,"appointment_date":"2025-05-05","appointment_time":"09:00 AM","reason_for_visit":"Vaccination","notes":null},"reason_for_visit":"Vaccination","vaccination_data":{"vaccine_type":null,"batch_number":null,"next_due_date":null,"vaccine_array":null}} 
[2025-05-04 20:47:07] local.INFO: Walk-in data debug {"is_walkin":false,"owner_name":null,"pet_name":null,"pet_type":null,"pet_age":null,"age_unit":"years"} 
[2025-05-04 20:47:07] local.INFO: Setting reason_for_visit {"input":"Vaccination","cleaned":["Vaccination"],"encoded":"[\"Vaccination\"]"} 
[2025-05-04 20:47:07] local.INFO: Reason array structure: {"raw_reasons":["Vaccination"],"decoded_reasons":["Vaccination"]} 
[2025-05-04 20:47:07] local.INFO: Processing reason: {"original":"Vaccination","normalized":"Vaccination"} 
[2025-05-04 21:18:18] local.INFO: Fetched products: {"count":3,"user_id":1} 
[2025-05-04 21:18:20] local.INFO: Fetched products: {"count":3,"user_id":1} 
[2025-05-04 21:23:40] local.ERROR: Illuminate\Validation\ValidationException: The quantity field is required. (and 1 more error) in D:\XAMPP\htdocs\PetFurme\vendor\laravel\framework\src\Illuminate\Foundation\Http\FormRequest.php:168
Stack trace:
#0 D:\XAMPP\htdocs\PetFurme\vendor\laravel\framework\src\Illuminate\Validation\ValidatesWhenResolvedTrait.php(32): Illuminate\Foundation\Http\FormRequest->failedValidation(Object(Illuminate\Validation\Validator))
#1 D:\XAMPP\htdocs\PetFurme\vendor\laravel\framework\src\Illuminate\Foundation\Providers\FormRequestServiceProvider.php(30): Illuminate\Foundation\Http\FormRequest->validateResolved()
#2 D:\XAMPP\htdocs\PetFurme\vendor\laravel\framework\src\Illuminate\Container\Container.php(1302): Illuminate\Foundation\Providers\FormRequestServiceProvider->Illuminate\Foundation\Providers\{closure}(Object(App\Http\Requests\Product\StoreProductRequest), Object(Illuminate\Foundation\Application))
#3 D:\XAMPP\htdocs\PetFurme\vendor\laravel\framework\src\Illuminate\Container\Container.php(1266): Illuminate\Container\Container->fireCallbackArray(Object(App\Http\Requests\Product\StoreProductRequest), Array)
#4 D:\XAMPP\htdocs\PetFurme\vendor\laravel\framework\src\Illuminate\Container\Container.php(1252): Illuminate\Container\Container->fireAfterResolvingCallbacks('App\\Http\\Reques...', Object(App\Http\Requests\Product\StoreProductRequest))
#5 D:\XAMPP\htdocs\PetFurme\vendor\laravel\framework\src\Illuminate\Container\Container.php(813): Illuminate\Container\Container->fireResolvingCallbacks('App\\Http\\Reques...', Object(App\Http\Requests\Product\StoreProductRequest))
#6 D:\XAMPP\htdocs\PetFurme\vendor\laravel\framework\src\Illuminate\Foundation\Application.php(986): Illuminate\Container\Container->resolve('App\\Http\\Reques...', Array, true)
#7 D:\XAMPP\htdocs\PetFurme\vendor\laravel\framework\src\Illuminate\Container\Container.php(731): Illuminate\Foundation\Application->resolve('App\\Http\\Reques...', Array)
#8 D:\XAMPP\htdocs\PetFurme\vendor\laravel\framework\src\Illuminate\Foundation\Application.php(971): Illuminate\Container\Container->make('App\\Http\\Reques...', Array)
#9 D:\XAMPP\htdocs\PetFurme\vendor\laravel\framework\src\Illuminate\Routing\ResolvesRouteDependencies.php(85): Illuminate\Foundation\Application->make('App\\Http\\Reques...')
#10 D:\XAMPP\htdocs\PetFurme\vendor\laravel\framework\src\Illuminate\Routing\ResolvesRouteDependencies.php(50): Illuminate\Routing\ControllerDispatcher->transformDependency(Object(ReflectionParameter), Array, Object(stdClass))
#11 D:\XAMPP\htdocs\PetFurme\vendor\laravel\framework\src\Illuminate\Routing\ResolvesRouteDependencies.php(29): Illuminate\Routing\ControllerDispatcher->resolveMethodDependencies(Array, Object(ReflectionMethod))
#12 D:\XAMPP\htdocs\PetFurme\vendor\laravel\framework\src\Illuminate\Routing\ControllerDispatcher.php(59): Illuminate\Routing\ControllerDispatcher->resolveClassMethodDependencies(Array, Object(App\Http\Controllers\Product\ProductController), 'store')
#13 D:\XAMPP\htdocs\PetFurme\vendor\laravel\framework\src\Illuminate\Routing\ControllerDispatcher.php(40): Illuminate\Routing\ControllerDispatcher->resolveParameters(Object(Illuminate\Routing\Route), Object(App\Http\Controllers\Product\ProductController), 'store')
#14 D:\XAMPP\htdocs\PetFurme\vendor\laravel\framework\src\Illuminate\Routing\Route.php(259): Illuminate\Routing\ControllerDispatcher->dispatch(Object(Illuminate\Routing\Route), Object(App\Http\Controllers\Product\ProductController), 'store')
#15 D:\XAMPP\htdocs\PetFurme\vendor\laravel\framework\src\Illuminate\Routing\Route.php(205): Illuminate\Routing\Route->runController()
#16 D:\XAMPP\htdocs\PetFurme\vendor\laravel\framework\src\Illuminate\Routing\Router.php(806): Illuminate\Routing\Route->run()
#17 D:\XAMPP\htdocs\PetFurme\vendor\laravel\framework\src\Illuminate\Pipeline\Pipeline.php(144): Illuminate\Routing\Router->Illuminate\Routing\{closure}(Object(Illuminate\Http\Request))
#18 D:\XAMPP\htdocs\PetFurme\vendor\laravel\framework\src\Illuminate\Auth\Middleware\EnsureEmailIsVerified.php(41): Illuminate\Pipeline\Pipeline->Illuminate\Pipeline\{closure}(Object(Illuminate\Http\Request))
#19 D:\XAMPP\htdocs\PetFurme\vendor\laravel\framework\src\Illuminate\Pipeline\Pipeline.php(183): Illuminate\Auth\Middleware\EnsureEmailIsVerified->handle(Object(Illuminate\Http\Request), Object(Closure))
#20 D:\XAMPP\htdocs\PetFurme\app\Http\Middleware\ResponseCache.php(16): Illuminate\Pipeline\Pipeline->Illuminate\Pipeline\{closure}(Object(Illuminate\Http\Request))
#21 D:\XAMPP\htdocs\PetFurme\vendor\laravel\framework\src\Illuminate\Pipeline\Pipeline.php(183): App\Http\Middleware\ResponseCache->handle(Object(Illuminate\Http\Request), Object(Closure))
#22 D:\XAMPP\htdocs\PetFurme\vendor\laravel\framework\src\Illuminate\Routing\Middleware\SubstituteBindings.php(50): Illuminate\Pipeline\Pipeline->Illuminate\Pipeline\{closure}(Object(Illuminate\Http\Request))
#23 D:\XAMPP\htdocs\PetFurme\vendor\laravel\framework\src\Illuminate\Pipeline\Pipeline.php(183): Illuminate\Routing\Middleware\SubstituteBindings->handle(Object(Illuminate\Http\Request), Object(Closure))
#24 D:\XAMPP\htdocs\PetFurme\vendor\laravel\framework\src\Illuminate\Auth\Middleware\Authenticate.php(57): Illuminate\Pipeline\Pipeline->Illuminate\Pipeline\{closure}(Object(Illuminate\Http\Request))
#25 D:\XAMPP\htdocs\PetFurme\vendor\laravel\framework\src\Illuminate\Pipeline\Pipeline.php(183): Illuminate\Auth\Middleware\Authenticate->handle(Object(Illuminate\Http\Request), Object(Closure))
#26 D:\XAMPP\htdocs\PetFurme\vendor\laravel\framework\src\Illuminate\Foundation\Http\Middleware\VerifyCsrfToken.php(78): Illuminate\Pipeline\Pipeline->Illuminate\Pipeline\{closure}(Object(Illuminate\Http\Request))
#27 D:\XAMPP\htdocs\PetFurme\vendor\laravel\framework\src\Illuminate\Pipeline\Pipeline.php(183): Illuminate\Foundation\Http\Middleware\VerifyCsrfToken->handle(Object(Illuminate\Http\Request), Object(Closure))
#28 D:\XAMPP\htdocs\PetFurme\vendor\laravel\framework\src\Illuminate\View\Middleware\ShareErrorsFromSession.php(49): Illuminate\Pipeline\Pipeline->Illuminate\Pipeline\{closure}(Object(Illuminate\Http\Request))
#29 D:\XAMPP\htdocs\PetFurme\vendor\laravel\framework\src\Illuminate\Pipeline\Pipeline.php(183): Illuminate\View\Middleware\ShareErrorsFromSession->handle(Object(Illuminate\Http\Request), Object(Closure))
#30 D:\XAMPP\htdocs\PetFurme\vendor\laravel\framework\src\Illuminate\Session\Middleware\StartSession.php(121): Illuminate\Pipeline\Pipeline->Illuminate\Pipeline\{closure}(Object(Illuminate\Http\Request))
#31 D:\XAMPP\htdocs\PetFurme\vendor\laravel\framework\src\Illuminate\Session\Middleware\StartSession.php(64): Illuminate\Session\Middleware\StartSession->handleStatefulRequest(Object(Illuminate\Http\Request), Object(Illuminate\Session\Store), Object(Closure))
#32 D:\XAMPP\htdocs\PetFurme\vendor\laravel\framework\src\Illuminate\Pipeline\Pipeline.php(183): Illuminate\Session\Middleware\StartSession->handle(Object(Illuminate\Http\Request), Object(Closure))
#33 D:\XAMPP\htdocs\PetFurme\vendor\laravel\framework\src\Illuminate\Cookie\Middleware\AddQueuedCookiesToResponse.php(37): Illuminate\Pipeline\Pipeline->Illuminate\Pipeline\{closure}(Object(Illuminate\Http\Request))
#34 D:\XAMPP\htdocs\PetFurme\vendor\laravel\framework\src\Illuminate\Pipeline\Pipeline.php(183): Illuminate\Cookie\Middleware\AddQueuedCookiesToResponse->handle(Object(Illuminate\Http\Request), Object(Closure))
#35 D:\XAMPP\htdocs\PetFurme\vendor\laravel\framework\src\Illuminate\Cookie\Middleware\EncryptCookies.php(67): Illuminate\Pipeline\Pipeline->Illuminate\Pipeline\{closure}(Object(Illuminate\Http\Request))
#36 D:\XAMPP\htdocs\PetFurme\vendor\laravel\framework\src\Illuminate\Pipeline\Pipeline.php(183): Illuminate\Cookie\Middleware\EncryptCookies->handle(Object(Illuminate\Http\Request), Object(Closure))
#37 D:\XAMPP\htdocs\PetFurme\vendor\laravel\framework\src\Illuminate\Pipeline\Pipeline.php(119): Illuminate\Pipeline\Pipeline->Illuminate\Pipeline\{closure}(Object(Illuminate\Http\Request))
#38 D:\XAMPP\htdocs\PetFurme\vendor\laravel\framework\src\Illuminate\Routing\Router.php(805): Illuminate\Pipeline\Pipeline->then(Object(Closure))
#39 D:\XAMPP\htdocs\PetFurme\vendor\laravel\framework\src\Illuminate\Routing\Router.php(784): Illuminate\Routing\Router->runRouteWithinStack(Object(Illuminate\Routing\Route), Object(Illuminate\Http\Request))
#40 D:\XAMPP\htdocs\PetFurme\vendor\laravel\framework\src\Illuminate\Routing\Router.php(748): Illuminate\Routing\Router->runRoute(Object(Illuminate\Http\Request), Object(Illuminate\Routing\Route))
#41 D:\XAMPP\htdocs\PetFurme\vendor\laravel\framework\src\Illuminate\Routing\Router.php(737): Illuminate\Routing\Router->dispatchToRoute(Object(Illuminate\Http\Request))
#42 D:\XAMPP\htdocs\PetFurme\vendor\laravel\framework\src\Illuminate\Foundation\Http\Kernel.php(200): Illuminate\Routing\Router->dispatch(Object(Illuminate\Http\Request))
#43 D:\XAMPP\htdocs\PetFurme\vendor\laravel\framework\src\Illuminate\Pipeline\Pipeline.php(144): Illuminate\Foundation\Http\Kernel->Illuminate\Foundation\Http\{closure}(Object(Illuminate\Http\Request))
#44 D:\XAMPP\htdocs\PetFurme\vendor\livewire\livewire\src\Features\SupportDisablingBackButtonCache\DisableBackButtonCacheMiddleware.php(19): Illuminate\Pipeline\Pipeline->Illuminate\Pipeline\{closure}(Object(Illuminate\Http\Request))
#45 D:\XAMPP\htdocs\PetFurme\vendor\laravel\framework\src\Illuminate\Pipeline\Pipeline.php(183): Livewire\Features\SupportDisablingBackButtonCache\DisableBackButtonCacheMiddleware->handle(Object(Illuminate\Http\Request), Object(Closure))
#46 D:\XAMPP\htdocs\PetFurme\vendor\beyondcode\laravel-query-detector\src\QueryDetectorMiddleware.php(33): Illuminate\Pipeline\Pipeline->Illuminate\Pipeline\{closure}(Object(Illuminate\Http\Request))
#47 D:\XAMPP\htdocs\PetFurme\vendor\laravel\framework\src\Illuminate\Pipeline\Pipeline.php(183): BeyondCode\QueryDetector\QueryDetectorMiddleware->handle(Object(Illuminate\Http\Request), Object(Closure))
#48 D:\XAMPP\htdocs\PetFurme\app\Http\Middleware\ResponseCache.php(16): Illuminate\Pipeline\Pipeline->Illuminate\Pipeline\{closure}(Object(Illuminate\Http\Request))
#49 D:\XAMPP\htdocs\PetFurme\vendor\laravel\framework\src\Illuminate\Pipeline\Pipeline.php(183): App\Http\Middleware\ResponseCache->handle(Object(Illuminate\Http\Request), Object(Closure))
#50 D:\XAMPP\htdocs\PetFurme\app\Http\Middleware\CacheControl.php(12): Illuminate\Pipeline\Pipeline->Illuminate\Pipeline\{closure}(Object(Illuminate\Http\Request))
#51 D:\XAMPP\htdocs\PetFurme\vendor\laravel\framework\src\Illuminate\Pipeline\Pipeline.php(183): App\Http\Middleware\CacheControl->handle(Object(Illuminate\Http\Request), Object(Closure))
#52 D:\XAMPP\htdocs\PetFurme\vendor\laravel\framework\src\Illuminate\Foundation\Http\Middleware\TransformsRequest.php(21): Illuminate\Pipeline\Pipeline->Illuminate\Pipeline\{closure}(Object(Illuminate\Http\Request))
#53 D:\XAMPP\htdocs\PetFurme\vendor\laravel\framework\src\Illuminate\Foundation\Http\Middleware\ConvertEmptyStringsToNull.php(31): Illuminate\Foundation\Http\Middleware\TransformsRequest->handle(Object(Illuminate\Http\Request), Object(Closure))
#54 D:\XAMPP\htdocs\PetFurme\vendor\laravel\framework\src\Illuminate\Pipeline\Pipeline.php(183): Illuminate\Foundation\Http\Middleware\ConvertEmptyStringsToNull->handle(Object(Illuminate\Http\Request), Object(Closure))
#55 D:\XAMPP\htdocs\PetFurme\vendor\laravel\framework\src\Illuminate\Foundation\Http\Middleware\TransformsRequest.php(21): Illuminate\Pipeline\Pipeline->Illuminate\Pipeline\{closure}(Object(Illuminate\Http\Request))
#56 D:\XAMPP\htdocs\PetFurme\vendor\laravel\framework\src\Illuminate\Foundation\Http\Middleware\TrimStrings.php(40): Illuminate\Foundation\Http\Middleware\TransformsRequest->handle(Object(Illuminate\Http\Request), Object(Closure))
#57 D:\XAMPP\htdocs\PetFurme\vendor\laravel\framework\src\Illuminate\Pipeline\Pipeline.php(183): Illuminate\Foundation\Http\Middleware\TrimStrings->handle(Object(Illuminate\Http\Request), Object(Closure))
#58 D:\XAMPP\htdocs\PetFurme\vendor\laravel\framework\src\Illuminate\Foundation\Http\Middleware\ValidatePostSize.php(27): Illuminate\Pipeline\Pipeline->Illuminate\Pipeline\{closure}(Object(Illuminate\Http\Request))
#59 D:\XAMPP\htdocs\PetFurme\vendor\laravel\framework\src\Illuminate\Pipeline\Pipeline.php(183): Illuminate\Foundation\Http\Middleware\ValidatePostSize->handle(Object(Illuminate\Http\Request), Object(Closure))
#60 D:\XAMPP\htdocs\PetFurme\vendor\laravel\framework\src\Illuminate\Foundation\Http\Middleware\PreventRequestsDuringMaintenance.php(99): Illuminate\Pipeline\Pipeline->Illuminate\Pipeline\{closure}(Object(Illuminate\Http\Request))
#61 D:\XAMPP\htdocs\PetFurme\vendor\laravel\framework\src\Illuminate\Pipeline\Pipeline.php(183): Illuminate\Foundation\Http\Middleware\PreventRequestsDuringMaintenance->handle(Object(Illuminate\Http\Request), Object(Closure))
#62 D:\XAMPP\htdocs\PetFurme\vendor\laravel\framework\src\Illuminate\Http\Middleware\HandleCors.php(49): Illuminate\Pipeline\Pipeline->Illuminate\Pipeline\{closure}(Object(Illuminate\Http\Request))
#63 D:\XAMPP\htdocs\PetFurme\vendor\laravel\framework\src\Illuminate\Pipeline\Pipeline.php(183): Illuminate\Http\Middleware\HandleCors->handle(Object(Illuminate\Http\Request), Object(Closure))
#64 D:\XAMPP\htdocs\PetFurme\vendor\laravel\framework\src\Illuminate\Http\Middleware\TrustProxies.php(39): Illuminate\Pipeline\Pipeline->Illuminate\Pipeline\{closure}(Object(Illuminate\Http\Request))
#65 D:\XAMPP\htdocs\PetFurme\vendor\laravel\framework\src\Illuminate\Pipeline\Pipeline.php(183): Illuminate\Http\Middleware\TrustProxies->handle(Object(Illuminate\Http\Request), Object(Closure))
#66 D:\XAMPP\htdocs\PetFurme\vendor\laravel\framework\src\Illuminate\Pipeline\Pipeline.php(119): Illuminate\Pipeline\Pipeline->Illuminate\Pipeline\{closure}(Object(Illuminate\Http\Request))
#67 D:\XAMPP\htdocs\PetFurme\vendor\laravel\framework\src\Illuminate\Foundation\Http\Kernel.php(175): Illuminate\Pipeline\Pipeline->then(Object(Closure))
#68 D:\XAMPP\htdocs\PetFurme\vendor\laravel\framework\src\Illuminate\Foundation\Http\Kernel.php(144): Illuminate\Foundation\Http\Kernel->sendRequestThroughRouter(Object(Illuminate\Http\Request))
#69 D:\XAMPP\htdocs\PetFurme\public\index.php(51): Illuminate\Foundation\Http\Kernel->handle(Object(Illuminate\Http\Request))
#70 D:\XAMPP\htdocs\PetFurme\vendor\laravel\framework\src\Illuminate\Foundation\resources\server.php(16): require_once('D:\\XAMPP\\htdocs...')
#71 {main}  
[2025-05-04 21:24:04] local.INFO: Fetched products: {"count":4,"user_id":1} 
[2025-05-04 21:25:09] local.INFO: Fetched products: {"count":5,"user_id":1} 
[2025-05-04 21:27:51] local.INFO: Fetched products: {"count":5,"user_id":1} 
[2025-06-23 09:34:52] production.ERROR: Illuminate\Encryption\MissingAppKeyException: No application encryption key has been specified. in D:\XAMPP\htdocs\PetFurme\vendor\laravel\framework\src\Illuminate\Encryption\EncryptionServiceProvider.php:79
Stack trace:
#0 D:\XAMPP\htdocs\PetFurme\vendor\laravel\framework\src\Illuminate\Support\helpers.php(320): Illuminate\Encryption\EncryptionServiceProvider->Illuminate\Encryption\{closure}(NULL)
#1 D:\XAMPP\htdocs\PetFurme\vendor\laravel\framework\src\Illuminate\Encryption\EncryptionServiceProvider.php(77): tap(NULL, Object(Closure))
#2 D:\XAMPP\htdocs\PetFurme\vendor\laravel\framework\src\Illuminate\Encryption\EncryptionServiceProvider.php(60): Illuminate\Encryption\EncryptionServiceProvider->key(Array)
#3 D:\XAMPP\htdocs\PetFurme\vendor\laravel\framework\src\Illuminate\Encryption\EncryptionServiceProvider.php(32): Illuminate\Encryption\EncryptionServiceProvider->parseKey(Array)
#4 D:\XAMPP\htdocs\PetFurme\vendor\laravel\framework\src\Illuminate\Container\Container.php(908): Illuminate\Encryption\EncryptionServiceProvider->Illuminate\Encryption\{closure}(Object(Illuminate\Foundation\Application), Array)
#5 D:\XAMPP\htdocs\PetFurme\vendor\laravel\framework\src\Illuminate\Container\Container.php(795): Illuminate\Container\Container->build(Object(Closure))
#6 D:\XAMPP\htdocs\PetFurme\vendor\laravel\framework\src\Illuminate\Foundation\Application.php(986): Illuminate\Container\Container->resolve('encrypter', Array, true)
#7 D:\XAMPP\htdocs\PetFurme\vendor\laravel\framework\src\Illuminate\Container\Container.php(731): Illuminate\Foundation\Application->resolve('encrypter', Array)
#8 D:\XAMPP\htdocs\PetFurme\vendor\laravel\framework\src\Illuminate\Foundation\Application.php(971): Illuminate\Container\Container->make('encrypter', Array)
#9 D:\XAMPP\htdocs\PetFurme\vendor\laravel\framework\src\Illuminate\Container\Container.php(1066): Illuminate\Foundation\Application->make('encrypter')
#10 D:\XAMPP\htdocs\PetFurme\vendor\laravel\framework\src\Illuminate\Container\Container.php(982): Illuminate\Container\Container->resolveClass(Object(ReflectionParameter))
#11 D:\XAMPP\htdocs\PetFurme\vendor\laravel\framework\src\Illuminate\Container\Container.php(943): Illuminate\Container\Container->resolveDependencies(Array)
#12 D:\XAMPP\htdocs\PetFurme\vendor\laravel\framework\src\Illuminate\Container\Container.php(795): Illuminate\Container\Container->build('App\\Http\\Middle...')
#13 D:\XAMPP\htdocs\PetFurme\vendor\laravel\framework\src\Illuminate\Foundation\Application.php(986): Illuminate\Container\Container->resolve('App\\Http\\Middle...', Array, true)
#14 D:\XAMPP\htdocs\PetFurme\vendor\laravel\framework\src\Illuminate\Container\Container.php(731): Illuminate\Foundation\Application->resolve('App\\Http\\Middle...', Array)
#15 D:\XAMPP\htdocs\PetFurme\vendor\laravel\framework\src\Illuminate\Foundation\Application.php(971): Illuminate\Container\Container->make('App\\Http\\Middle...', Array)
#16 D:\XAMPP\htdocs\PetFurme\vendor\laravel\framework\src\Illuminate\Pipeline\Pipeline.php(172): Illuminate\Foundation\Application->make('App\\Http\\Middle...')
#17 D:\XAMPP\htdocs\PetFurme\vendor\laravel\framework\src\Illuminate\Pipeline\Pipeline.php(119): Illuminate\Pipeline\Pipeline->Illuminate\Pipeline\{closure}(Object(Illuminate\Http\Request))
#18 D:\XAMPP\htdocs\PetFurme\vendor\laravel\framework\src\Illuminate\Routing\Router.php(805): Illuminate\Pipeline\Pipeline->then(Object(Closure))
#19 D:\XAMPP\htdocs\PetFurme\vendor\laravel\framework\src\Illuminate\Routing\Router.php(784): Illuminate\Routing\Router->runRouteWithinStack(Object(Illuminate\Routing\Route), Object(Illuminate\Http\Request))
#20 D:\XAMPP\htdocs\PetFurme\vendor\laravel\framework\src\Illuminate\Routing\Router.php(748): Illuminate\Routing\Router->runRoute(Object(Illuminate\Http\Request), Object(Illuminate\Routing\Route))
#21 D:\XAMPP\htdocs\PetFurme\vendor\laravel\framework\src\Illuminate\Routing\Router.php(737): Illuminate\Routing\Router->dispatchToRoute(Object(Illuminate\Http\Request))
#22 D:\XAMPP\htdocs\PetFurme\vendor\laravel\framework\src\Illuminate\Foundation\Http\Kernel.php(200): Illuminate\Routing\Router->dispatch(Object(Illuminate\Http\Request))
#23 D:\XAMPP\htdocs\PetFurme\vendor\laravel\framework\src\Illuminate\Pipeline\Pipeline.php(144): Illuminate\Foundation\Http\Kernel->Illuminate\Foundation\Http\{closure}(Object(Illuminate\Http\Request))
#24 D:\XAMPP\htdocs\PetFurme\vendor\livewire\livewire\src\Features\SupportDisablingBackButtonCache\DisableBackButtonCacheMiddleware.php(19): Illuminate\Pipeline\Pipeline->Illuminate\Pipeline\{closure}(Object(Illuminate\Http\Request))
#25 D:\XAMPP\htdocs\PetFurme\vendor\laravel\framework\src\Illuminate\Pipeline\Pipeline.php(183): Livewire\Features\SupportDisablingBackButtonCache\DisableBackButtonCacheMiddleware->handle(Object(Illuminate\Http\Request), Object(Closure))
#26 D:\XAMPP\htdocs\PetFurme\vendor\beyondcode\laravel-query-detector\src\QueryDetectorMiddleware.php(27): Illuminate\Pipeline\Pipeline->Illuminate\Pipeline\{closure}(Object(Illuminate\Http\Request))
#27 D:\XAMPP\htdocs\PetFurme\vendor\laravel\framework\src\Illuminate\Pipeline\Pipeline.php(183): BeyondCode\QueryDetector\QueryDetectorMiddleware->handle(Object(Illuminate\Http\Request), Object(Closure))
#28 D:\XAMPP\htdocs\PetFurme\app\Http\Middleware\ResponseCache.php(28): Illuminate\Pipeline\Pipeline->Illuminate\Pipeline\{closure}(Object(Illuminate\Http\Request))
#29 D:\XAMPP\htdocs\PetFurme\vendor\laravel\framework\src\Illuminate\Pipeline\Pipeline.php(183): App\Http\Middleware\ResponseCache->handle(Object(Illuminate\Http\Request), Object(Closure))
#30 D:\XAMPP\htdocs\PetFurme\app\Http\Middleware\CacheControl.php(12): Illuminate\Pipeline\Pipeline->Illuminate\Pipeline\{closure}(Object(Illuminate\Http\Request))
#31 D:\XAMPP\htdocs\PetFurme\vendor\laravel\framework\src\Illuminate\Pipeline\Pipeline.php(183): App\Http\Middleware\CacheControl->handle(Object(Illuminate\Http\Request), Object(Closure))
#32 D:\XAMPP\htdocs\PetFurme\vendor\laravel\framework\src\Illuminate\Foundation\Http\Middleware\TransformsRequest.php(21): Illuminate\Pipeline\Pipeline->Illuminate\Pipeline\{closure}(Object(Illuminate\Http\Request))
#33 D:\XAMPP\htdocs\PetFurme\vendor\laravel\framework\src\Illuminate\Foundation\Http\Middleware\ConvertEmptyStringsToNull.php(31): Illuminate\Foundation\Http\Middleware\TransformsRequest->handle(Object(Illuminate\Http\Request), Object(Closure))
#34 D:\XAMPP\htdocs\PetFurme\vendor\laravel\framework\src\Illuminate\Pipeline\Pipeline.php(183): Illuminate\Foundation\Http\Middleware\ConvertEmptyStringsToNull->handle(Object(Illuminate\Http\Request), Object(Closure))
#35 D:\XAMPP\htdocs\PetFurme\vendor\laravel\framework\src\Illuminate\Foundation\Http\Middleware\TransformsRequest.php(21): Illuminate\Pipeline\Pipeline->Illuminate\Pipeline\{closure}(Object(Illuminate\Http\Request))
#36 D:\XAMPP\htdocs\PetFurme\vendor\laravel\framework\src\Illuminate\Foundation\Http\Middleware\TrimStrings.php(40): Illuminate\Foundation\Http\Middleware\TransformsRequest->handle(Object(Illuminate\Http\Request), Object(Closure))
#37 D:\XAMPP\htdocs\PetFurme\vendor\laravel\framework\src\Illuminate\Pipeline\Pipeline.php(183): Illuminate\Foundation\Http\Middleware\TrimStrings->handle(Object(Illuminate\Http\Request), Object(Closure))
#38 D:\XAMPP\htdocs\PetFurme\vendor\laravel\framework\src\Illuminate\Foundation\Http\Middleware\ValidatePostSize.php(27): Illuminate\Pipeline\Pipeline->Illuminate\Pipeline\{closure}(Object(Illuminate\Http\Request))
#39 D:\XAMPP\htdocs\PetFurme\vendor\laravel\framework\src\Illuminate\Pipeline\Pipeline.php(183): Illuminate\Foundation\Http\Middleware\ValidatePostSize->handle(Object(Illuminate\Http\Request), Object(Closure))
#40 D:\XAMPP\htdocs\PetFurme\vendor\laravel\framework\src\Illuminate\Foundation\Http\Middleware\PreventRequestsDuringMaintenance.php(99): Illuminate\Pipeline\Pipeline->Illuminate\Pipeline\{closure}(Object(Illuminate\Http\Request))
#41 D:\XAMPP\htdocs\PetFurme\vendor\laravel\framework\src\Illuminate\Pipeline\Pipeline.php(183): Illuminate\Foundation\Http\Middleware\PreventRequestsDuringMaintenance->handle(Object(Illuminate\Http\Request), Object(Closure))
#42 D:\XAMPP\htdocs\PetFurme\vendor\laravel\framework\src\Illuminate\Http\Middleware\HandleCors.php(49): Illuminate\Pipeline\Pipeline->Illuminate\Pipeline\{closure}(Object(Illuminate\Http\Request))
#43 D:\XAMPP\htdocs\PetFurme\vendor\laravel\framework\src\Illuminate\Pipeline\Pipeline.php(183): Illuminate\Http\Middleware\HandleCors->handle(Object(Illuminate\Http\Request), Object(Closure))
#44 D:\XAMPP\htdocs\PetFurme\vendor\laravel\framework\src\Illuminate\Http\Middleware\TrustProxies.php(39): Illuminate\Pipeline\Pipeline->Illuminate\Pipeline\{closure}(Object(Illuminate\Http\Request))
#45 D:\XAMPP\htdocs\PetFurme\vendor\laravel\framework\src\Illuminate\Pipeline\Pipeline.php(183): Illuminate\Http\Middleware\TrustProxies->handle(Object(Illuminate\Http\Request), Object(Closure))
#46 D:\XAMPP\htdocs\PetFurme\vendor\laravel\framework\src\Illuminate\Pipeline\Pipeline.php(119): Illuminate\Pipeline\Pipeline->Illuminate\Pipeline\{closure}(Object(Illuminate\Http\Request))
#47 D:\XAMPP\htdocs\PetFurme\vendor\laravel\framework\src\Illuminate\Foundation\Http\Kernel.php(175): Illuminate\Pipeline\Pipeline->then(Object(Closure))
#48 D:\XAMPP\htdocs\PetFurme\vendor\laravel\framework\src\Illuminate\Foundation\Http\Kernel.php(144): Illuminate\Foundation\Http\Kernel->sendRequestThroughRouter(Object(Illuminate\Http\Request))
#49 D:\XAMPP\htdocs\PetFurme\public\index.php(51): Illuminate\Foundation\Http\Kernel->handle(Object(Illuminate\Http\Request))
#50 D:\XAMPP\htdocs\PetFurme\vendor\laravel\framework\src\Illuminate\Foundation\resources\server.php(16): require_once('D:\\XAMPP\\htdocs...')
#51 {main}  
[2025-06-23 09:34:52] production.ERROR: No application encryption key has been specified. {"exception":"[object] (Illuminate\\Encryption\\MissingAppKeyException(code: 0): No application encryption key has been specified. at D:\\XAMPP\\htdocs\\PetFurme\\vendor\\laravel\\framework\\src\\Illuminate\\Encryption\\EncryptionServiceProvider.php:79)
[stacktrace]
#0 D:\\XAMPP\\htdocs\\PetFurme\\vendor\\laravel\\framework\\src\\Illuminate\\Support\\helpers.php(320): Illuminate\\Encryption\\EncryptionServiceProvider->Illuminate\\Encryption\\{closure}(NULL)
#1 D:\\XAMPP\\htdocs\\PetFurme\\vendor\\laravel\\framework\\src\\Illuminate\\Encryption\\EncryptionServiceProvider.php(77): tap(NULL, Object(Closure))
#2 D:\\XAMPP\\htdocs\\PetFurme\\vendor\\laravel\\framework\\src\\Illuminate\\Encryption\\EncryptionServiceProvider.php(60): Illuminate\\Encryption\\EncryptionServiceProvider->key(Array)
#3 D:\\XAMPP\\htdocs\\PetFurme\\vendor\\laravel\\framework\\src\\Illuminate\\Encryption\\EncryptionServiceProvider.php(32): Illuminate\\Encryption\\EncryptionServiceProvider->parseKey(Array)
#4 D:\\XAMPP\\htdocs\\PetFurme\\vendor\\laravel\\framework\\src\\Illuminate\\Container\\Container.php(908): Illuminate\\Encryption\\EncryptionServiceProvider->Illuminate\\Encryption\\{closure}(Object(Illuminate\\Foundation\\Application), Array)
#5 D:\\XAMPP\\htdocs\\PetFurme\\vendor\\laravel\\framework\\src\\Illuminate\\Container\\Container.php(795): Illuminate\\Container\\Container->build(Object(Closure))
#6 D:\\XAMPP\\htdocs\\PetFurme\\vendor\\laravel\\framework\\src\\Illuminate\\Foundation\\Application.php(986): Illuminate\\Container\\Container->resolve('encrypter', Array, true)
#7 D:\\XAMPP\\htdocs\\PetFurme\\vendor\\laravel\\framework\\src\\Illuminate\\Container\\Container.php(731): Illuminate\\Foundation\\Application->resolve('encrypter', Array)
#8 D:\\XAMPP\\htdocs\\PetFurme\\vendor\\laravel\\framework\\src\\Illuminate\\Foundation\\Application.php(971): Illuminate\\Container\\Container->make('encrypter', Array)
#9 D:\\XAMPP\\htdocs\\PetFurme\\vendor\\laravel\\framework\\src\\Illuminate\\Container\\Container.php(1066): Illuminate\\Foundation\\Application->make('encrypter')
#10 D:\\XAMPP\\htdocs\\PetFurme\\vendor\\laravel\\framework\\src\\Illuminate\\Container\\Container.php(982): Illuminate\\Container\\Container->resolveClass(Object(ReflectionParameter))
#11 D:\\XAMPP\\htdocs\\PetFurme\\vendor\\laravel\\framework\\src\\Illuminate\\Container\\Container.php(943): Illuminate\\Container\\Container->resolveDependencies(Array)
#12 D:\\XAMPP\\htdocs\\PetFurme\\vendor\\laravel\\framework\\src\\Illuminate\\Container\\Container.php(795): Illuminate\\Container\\Container->build('App\\\\Http\\\\Middle...')
#13 D:\\XAMPP\\htdocs\\PetFurme\\vendor\\laravel\\framework\\src\\Illuminate\\Foundation\\Application.php(986): Illuminate\\Container\\Container->resolve('App\\\\Http\\\\Middle...', Array, true)
#14 D:\\XAMPP\\htdocs\\PetFurme\\vendor\\laravel\\framework\\src\\Illuminate\\Container\\Container.php(731): Illuminate\\Foundation\\Application->resolve('App\\\\Http\\\\Middle...', Array)
#15 D:\\XAMPP\\htdocs\\PetFurme\\vendor\\laravel\\framework\\src\\Illuminate\\Foundation\\Application.php(971): Illuminate\\Container\\Container->make('App\\\\Http\\\\Middle...', Array)
#16 D:\\XAMPP\\htdocs\\PetFurme\\vendor\\laravel\\framework\\src\\Illuminate\\Pipeline\\Pipeline.php(172): Illuminate\\Foundation\\Application->make('App\\\\Http\\\\Middle...')
#17 D:\\XAMPP\\htdocs\\PetFurme\\vendor\\laravel\\framework\\src\\Illuminate\\Pipeline\\Pipeline.php(119): Illuminate\\Pipeline\\Pipeline->Illuminate\\Pipeline\\{closure}(Object(Illuminate\\Http\\Request))
#18 D:\\XAMPP\\htdocs\\PetFurme\\vendor\\laravel\\framework\\src\\Illuminate\\Routing\\Router.php(805): Illuminate\\Pipeline\\Pipeline->then(Object(Closure))
#19 D:\\XAMPP\\htdocs\\PetFurme\\vendor\\laravel\\framework\\src\\Illuminate\\Routing\\Router.php(784): Illuminate\\Routing\\Router->runRouteWithinStack(Object(Illuminate\\Routing\\Route), Object(Illuminate\\Http\\Request))
#20 D:\\XAMPP\\htdocs\\PetFurme\\vendor\\laravel\\framework\\src\\Illuminate\\Routing\\Router.php(748): Illuminate\\Routing\\Router->runRoute(Object(Illuminate\\Http\\Request), Object(Illuminate\\Routing\\Route))
#21 D:\\XAMPP\\htdocs\\PetFurme\\vendor\\laravel\\framework\\src\\Illuminate\\Routing\\Router.php(737): Illuminate\\Routing\\Router->dispatchToRoute(Object(Illuminate\\Http\\Request))
#22 D:\\XAMPP\\htdocs\\PetFurme\\vendor\\laravel\\framework\\src\\Illuminate\\Foundation\\Http\\Kernel.php(200): Illuminate\\Routing\\Router->dispatch(Object(Illuminate\\Http\\Request))
#23 D:\\XAMPP\\htdocs\\PetFurme\\vendor\\laravel\\framework\\src\\Illuminate\\Pipeline\\Pipeline.php(144): Illuminate\\Foundation\\Http\\Kernel->Illuminate\\Foundation\\Http\\{closure}(Object(Illuminate\\Http\\Request))
#24 D:\\XAMPP\\htdocs\\PetFurme\\vendor\\livewire\\livewire\\src\\Features\\SupportDisablingBackButtonCache\\DisableBackButtonCacheMiddleware.php(19): Illuminate\\Pipeline\\Pipeline->Illuminate\\Pipeline\\{closure}(Object(Illuminate\\Http\\Request))
#25 D:\\XAMPP\\htdocs\\PetFurme\\vendor\\laravel\\framework\\src\\Illuminate\\Pipeline\\Pipeline.php(183): Livewire\\Features\\SupportDisablingBackButtonCache\\DisableBackButtonCacheMiddleware->handle(Object(Illuminate\\Http\\Request), Object(Closure))
#26 D:\\XAMPP\\htdocs\\PetFurme\\vendor\\beyondcode\\laravel-query-detector\\src\\QueryDetectorMiddleware.php(27): Illuminate\\Pipeline\\Pipeline->Illuminate\\Pipeline\\{closure}(Object(Illuminate\\Http\\Request))
#27 D:\\XAMPP\\htdocs\\PetFurme\\vendor\\laravel\\framework\\src\\Illuminate\\Pipeline\\Pipeline.php(183): BeyondCode\\QueryDetector\\QueryDetectorMiddleware->handle(Object(Illuminate\\Http\\Request), Object(Closure))
#28 D:\\XAMPP\\htdocs\\PetFurme\\app\\Http\\Middleware\\ResponseCache.php(28): Illuminate\\Pipeline\\Pipeline->Illuminate\\Pipeline\\{closure}(Object(Illuminate\\Http\\Request))
#29 D:\\XAMPP\\htdocs\\PetFurme\\vendor\\laravel\\framework\\src\\Illuminate\\Pipeline\\Pipeline.php(183): App\\Http\\Middleware\\ResponseCache->handle(Object(Illuminate\\Http\\Request), Object(Closure))
#30 D:\\XAMPP\\htdocs\\PetFurme\\app\\Http\\Middleware\\CacheControl.php(12): Illuminate\\Pipeline\\Pipeline->Illuminate\\Pipeline\\{closure}(Object(Illuminate\\Http\\Request))
#31 D:\\XAMPP\\htdocs\\PetFurme\\vendor\\laravel\\framework\\src\\Illuminate\\Pipeline\\Pipeline.php(183): App\\Http\\Middleware\\CacheControl->handle(Object(Illuminate\\Http\\Request), Object(Closure))
#32 D:\\XAMPP\\htdocs\\PetFurme\\vendor\\laravel\\framework\\src\\Illuminate\\Foundation\\Http\\Middleware\\TransformsRequest.php(21): Illuminate\\Pipeline\\Pipeline->Illuminate\\Pipeline\\{closure}(Object(Illuminate\\Http\\Request))
#33 D:\\XAMPP\\htdocs\\PetFurme\\vendor\\laravel\\framework\\src\\Illuminate\\Foundation\\Http\\Middleware\\ConvertEmptyStringsToNull.php(31): Illuminate\\Foundation\\Http\\Middleware\\TransformsRequest->handle(Object(Illuminate\\Http\\Request), Object(Closure))
#34 D:\\XAMPP\\htdocs\\PetFurme\\vendor\\laravel\\framework\\src\\Illuminate\\Pipeline\\Pipeline.php(183): Illuminate\\Foundation\\Http\\Middleware\\ConvertEmptyStringsToNull->handle(Object(Illuminate\\Http\\Request), Object(Closure))
#35 D:\\XAMPP\\htdocs\\PetFurme\\vendor\\laravel\\framework\\src\\Illuminate\\Foundation\\Http\\Middleware\\TransformsRequest.php(21): Illuminate\\Pipeline\\Pipeline->Illuminate\\Pipeline\\{closure}(Object(Illuminate\\Http\\Request))
#36 D:\\XAMPP\\htdocs\\PetFurme\\vendor\\laravel\\framework\\src\\Illuminate\\Foundation\\Http\\Middleware\\TrimStrings.php(40): Illuminate\\Foundation\\Http\\Middleware\\TransformsRequest->handle(Object(Illuminate\\Http\\Request), Object(Closure))
#37 D:\\XAMPP\\htdocs\\PetFurme\\vendor\\laravel\\framework\\src\\Illuminate\\Pipeline\\Pipeline.php(183): Illuminate\\Foundation\\Http\\Middleware\\TrimStrings->handle(Object(Illuminate\\Http\\Request), Object(Closure))
#38 D:\\XAMPP\\htdocs\\PetFurme\\vendor\\laravel\\framework\\src\\Illuminate\\Foundation\\Http\\Middleware\\ValidatePostSize.php(27): Illuminate\\Pipeline\\Pipeline->Illuminate\\Pipeline\\{closure}(Object(Illuminate\\Http\\Request))
#39 D:\\XAMPP\\htdocs\\PetFurme\\vendor\\laravel\\framework\\src\\Illuminate\\Pipeline\\Pipeline.php(183): Illuminate\\Foundation\\Http\\Middleware\\ValidatePostSize->handle(Object(Illuminate\\Http\\Request), Object(Closure))
#40 D:\\XAMPP\\htdocs\\PetFurme\\vendor\\laravel\\framework\\src\\Illuminate\\Foundation\\Http\\Middleware\\PreventRequestsDuringMaintenance.php(99): Illuminate\\Pipeline\\Pipeline->Illuminate\\Pipeline\\{closure}(Object(Illuminate\\Http\\Request))
#41 D:\\XAMPP\\htdocs\\PetFurme\\vendor\\laravel\\framework\\src\\Illuminate\\Pipeline\\Pipeline.php(183): Illuminate\\Foundation\\Http\\Middleware\\PreventRequestsDuringMaintenance->handle(Object(Illuminate\\Http\\Request), Object(Closure))
#42 D:\\XAMPP\\htdocs\\PetFurme\\vendor\\laravel\\framework\\src\\Illuminate\\Http\\Middleware\\HandleCors.php(49): Illuminate\\Pipeline\\Pipeline->Illuminate\\Pipeline\\{closure}(Object(Illuminate\\Http\\Request))
#43 D:\\XAMPP\\htdocs\\PetFurme\\vendor\\laravel\\framework\\src\\Illuminate\\Pipeline\\Pipeline.php(183): Illuminate\\Http\\Middleware\\HandleCors->handle(Object(Illuminate\\Http\\Request), Object(Closure))
#44 D:\\XAMPP\\htdocs\\PetFurme\\vendor\\laravel\\framework\\src\\Illuminate\\Http\\Middleware\\TrustProxies.php(39): Illuminate\\Pipeline\\Pipeline->Illuminate\\Pipeline\\{closure}(Object(Illuminate\\Http\\Request))
#45 D:\\XAMPP\\htdocs\\PetFurme\\vendor\\laravel\\framework\\src\\Illuminate\\Pipeline\\Pipeline.php(183): Illuminate\\Http\\Middleware\\TrustProxies->handle(Object(Illuminate\\Http\\Request), Object(Closure))
#46 D:\\XAMPP\\htdocs\\PetFurme\\vendor\\laravel\\framework\\src\\Illuminate\\Pipeline\\Pipeline.php(119): Illuminate\\Pipeline\\Pipeline->Illuminate\\Pipeline\\{closure}(Object(Illuminate\\Http\\Request))
#47 D:\\XAMPP\\htdocs\\PetFurme\\vendor\\laravel\\framework\\src\\Illuminate\\Foundation\\Http\\Kernel.php(175): Illuminate\\Pipeline\\Pipeline->then(Object(Closure))
#48 D:\\XAMPP\\htdocs\\PetFurme\\vendor\\laravel\\framework\\src\\Illuminate\\Foundation\\Http\\Kernel.php(144): Illuminate\\Foundation\\Http\\Kernel->sendRequestThroughRouter(Object(Illuminate\\Http\\Request))
#49 D:\\XAMPP\\htdocs\\PetFurme\\public\\index.php(51): Illuminate\\Foundation\\Http\\Kernel->handle(Object(Illuminate\\Http\\Request))
#50 D:\\XAMPP\\htdocs\\PetFurme\\vendor\\laravel\\framework\\src\\Illuminate\\Foundation\\resources\\server.php(16): require_once('D:\\\\XAMPP\\\\htdocs...')
#51 {main}
"} 
[2025-06-23 09:34:53] production.ERROR: Illuminate\Encryption\MissingAppKeyException: No application encryption key has been specified. in D:\XAMPP\htdocs\PetFurme\vendor\laravel\framework\src\Illuminate\Encryption\EncryptionServiceProvider.php:79
Stack trace:
#0 D:\XAMPP\htdocs\PetFurme\vendor\laravel\framework\src\Illuminate\Support\helpers.php(320): Illuminate\Encryption\EncryptionServiceProvider->Illuminate\Encryption\{closure}(NULL)
#1 D:\XAMPP\htdocs\PetFurme\vendor\laravel\framework\src\Illuminate\Encryption\EncryptionServiceProvider.php(77): tap(NULL, Object(Closure))
#2 D:\XAMPP\htdocs\PetFurme\vendor\laravel\framework\src\Illuminate\Encryption\EncryptionServiceProvider.php(60): Illuminate\Encryption\EncryptionServiceProvider->key(Array)
#3 D:\XAMPP\htdocs\PetFurme\vendor\laravel\framework\src\Illuminate\Encryption\EncryptionServiceProvider.php(32): Illuminate\Encryption\EncryptionServiceProvider->parseKey(Array)
#4 D:\XAMPP\htdocs\PetFurme\vendor\laravel\framework\src\Illuminate\Container\Container.php(908): Illuminate\Encryption\EncryptionServiceProvider->Illuminate\Encryption\{closure}(Object(Illuminate\Foundation\Application), Array)
#5 D:\XAMPP\htdocs\PetFurme\vendor\laravel\framework\src\Illuminate\Container\Container.php(795): Illuminate\Container\Container->build(Object(Closure))
#6 D:\XAMPP\htdocs\PetFurme\vendor\laravel\framework\src\Illuminate\Foundation\Application.php(986): Illuminate\Container\Container->resolve('encrypter', Array, true)
#7 D:\XAMPP\htdocs\PetFurme\vendor\laravel\framework\src\Illuminate\Container\Container.php(731): Illuminate\Foundation\Application->resolve('encrypter', Array)
#8 D:\XAMPP\htdocs\PetFurme\vendor\laravel\framework\src\Illuminate\Foundation\Application.php(971): Illuminate\Container\Container->make('encrypter', Array)
#9 D:\XAMPP\htdocs\PetFurme\vendor\laravel\framework\src\Illuminate\Container\Container.php(1066): Illuminate\Foundation\Application->make('encrypter')
#10 D:\XAMPP\htdocs\PetFurme\vendor\laravel\framework\src\Illuminate\Container\Container.php(982): Illuminate\Container\Container->resolveClass(Object(ReflectionParameter))
#11 D:\XAMPP\htdocs\PetFurme\vendor\laravel\framework\src\Illuminate\Container\Container.php(943): Illuminate\Container\Container->resolveDependencies(Array)
#12 D:\XAMPP\htdocs\PetFurme\vendor\laravel\framework\src\Illuminate\Container\Container.php(795): Illuminate\Container\Container->build('App\\Http\\Middle...')
#13 D:\XAMPP\htdocs\PetFurme\vendor\laravel\framework\src\Illuminate\Foundation\Application.php(986): Illuminate\Container\Container->resolve('App\\Http\\Middle...', Array, true)
#14 D:\XAMPP\htdocs\PetFurme\vendor\laravel\framework\src\Illuminate\Container\Container.php(731): Illuminate\Foundation\Application->resolve('App\\Http\\Middle...', Array)
#15 D:\XAMPP\htdocs\PetFurme\vendor\laravel\framework\src\Illuminate\Foundation\Application.php(971): Illuminate\Container\Container->make('App\\Http\\Middle...', Array)
#16 D:\XAMPP\htdocs\PetFurme\vendor\laravel\framework\src\Illuminate\Foundation\Http\Kernel.php(255): Illuminate\Foundation\Application->make('App\\Http\\Middle...')
#17 D:\XAMPP\htdocs\PetFurme\vendor\laravel\framework\src\Illuminate\Foundation\Http\Kernel.php(213): Illuminate\Foundation\Http\Kernel->terminateMiddleware(Object(Illuminate\Http\Request), Object(Illuminate\Http\Response))
#18 D:\XAMPP\htdocs\PetFurme\public\index.php(55): Illuminate\Foundation\Http\Kernel->terminate(Object(Illuminate\Http\Request), Object(Illuminate\Http\Response))
#19 D:\XAMPP\htdocs\PetFurme\vendor\laravel\framework\src\Illuminate\Foundation\resources\server.php(16): require_once('D:\\XAMPP\\htdocs...')
#20 {main}  
[2025-06-23 09:34:53] production.ERROR: No application encryption key has been specified. {"exception":"[object] (Illuminate\\Encryption\\MissingAppKeyException(code: 0): No application encryption key has been specified. at D:\\XAMPP\\htdocs\\PetFurme\\vendor\\laravel\\framework\\src\\Illuminate\\Encryption\\EncryptionServiceProvider.php:79)
[stacktrace]
#0 D:\\XAMPP\\htdocs\\PetFurme\\vendor\\laravel\\framework\\src\\Illuminate\\Support\\helpers.php(320): Illuminate\\Encryption\\EncryptionServiceProvider->Illuminate\\Encryption\\{closure}(NULL)
#1 D:\\XAMPP\\htdocs\\PetFurme\\vendor\\laravel\\framework\\src\\Illuminate\\Encryption\\EncryptionServiceProvider.php(77): tap(NULL, Object(Closure))
#2 D:\\XAMPP\\htdocs\\PetFurme\\vendor\\laravel\\framework\\src\\Illuminate\\Encryption\\EncryptionServiceProvider.php(60): Illuminate\\Encryption\\EncryptionServiceProvider->key(Array)
#3 D:\\XAMPP\\htdocs\\PetFurme\\vendor\\laravel\\framework\\src\\Illuminate\\Encryption\\EncryptionServiceProvider.php(32): Illuminate\\Encryption\\EncryptionServiceProvider->parseKey(Array)
#4 D:\\XAMPP\\htdocs\\PetFurme\\vendor\\laravel\\framework\\src\\Illuminate\\Container\\Container.php(908): Illuminate\\Encryption\\EncryptionServiceProvider->Illuminate\\Encryption\\{closure}(Object(Illuminate\\Foundation\\Application), Array)
#5 D:\\XAMPP\\htdocs\\PetFurme\\vendor\\laravel\\framework\\src\\Illuminate\\Container\\Container.php(795): Illuminate\\Container\\Container->build(Object(Closure))
#6 D:\\XAMPP\\htdocs\\PetFurme\\vendor\\laravel\\framework\\src\\Illuminate\\Foundation\\Application.php(986): Illuminate\\Container\\Container->resolve('encrypter', Array, true)
#7 D:\\XAMPP\\htdocs\\PetFurme\\vendor\\laravel\\framework\\src\\Illuminate\\Container\\Container.php(731): Illuminate\\Foundation\\Application->resolve('encrypter', Array)
#8 D:\\XAMPP\\htdocs\\PetFurme\\vendor\\laravel\\framework\\src\\Illuminate\\Foundation\\Application.php(971): Illuminate\\Container\\Container->make('encrypter', Array)
#9 D:\\XAMPP\\htdocs\\PetFurme\\vendor\\laravel\\framework\\src\\Illuminate\\Container\\Container.php(1066): Illuminate\\Foundation\\Application->make('encrypter')
#10 D:\\XAMPP\\htdocs\\PetFurme\\vendor\\laravel\\framework\\src\\Illuminate\\Container\\Container.php(982): Illuminate\\Container\\Container->resolveClass(Object(ReflectionParameter))
#11 D:\\XAMPP\\htdocs\\PetFurme\\vendor\\laravel\\framework\\src\\Illuminate\\Container\\Container.php(943): Illuminate\\Container\\Container->resolveDependencies(Array)
#12 D:\\XAMPP\\htdocs\\PetFurme\\vendor\\laravel\\framework\\src\\Illuminate\\Container\\Container.php(795): Illuminate\\Container\\Container->build('App\\\\Http\\\\Middle...')
#13 D:\\XAMPP\\htdocs\\PetFurme\\vendor\\laravel\\framework\\src\\Illuminate\\Foundation\\Application.php(986): Illuminate\\Container\\Container->resolve('App\\\\Http\\\\Middle...', Array, true)
#14 D:\\XAMPP\\htdocs\\PetFurme\\vendor\\laravel\\framework\\src\\Illuminate\\Container\\Container.php(731): Illuminate\\Foundation\\Application->resolve('App\\\\Http\\\\Middle...', Array)
#15 D:\\XAMPP\\htdocs\\PetFurme\\vendor\\laravel\\framework\\src\\Illuminate\\Foundation\\Application.php(971): Illuminate\\Container\\Container->make('App\\\\Http\\\\Middle...', Array)
#16 D:\\XAMPP\\htdocs\\PetFurme\\vendor\\laravel\\framework\\src\\Illuminate\\Foundation\\Http\\Kernel.php(255): Illuminate\\Foundation\\Application->make('App\\\\Http\\\\Middle...')
#17 D:\\XAMPP\\htdocs\\PetFurme\\vendor\\laravel\\framework\\src\\Illuminate\\Foundation\\Http\\Kernel.php(213): Illuminate\\Foundation\\Http\\Kernel->terminateMiddleware(Object(Illuminate\\Http\\Request), Object(Illuminate\\Http\\Response))
#18 D:\\XAMPP\\htdocs\\PetFurme\\public\\index.php(55): Illuminate\\Foundation\\Http\\Kernel->terminate(Object(Illuminate\\Http\\Request), Object(Illuminate\\Http\\Response))
#19 D:\\XAMPP\\htdocs\\PetFurme\\vendor\\laravel\\framework\\src\\Illuminate\\Foundation\\resources\\server.php(16): require_once('D:\\\\XAMPP\\\\htdocs...')
#20 {main}
"} 
[2025-06-23 09:35:01] production.ERROR: Symfony\Component\HttpKernel\Exception\NotFoundHttpException: The route .well-known/appspecific/com.chrome.devtools.json could not be found. in D:\XAMPP\htdocs\PetFurme\vendor\laravel\framework\src\Illuminate\Routing\AbstractRouteCollection.php:44
Stack trace:
#0 D:\XAMPP\htdocs\PetFurme\vendor\laravel\framework\src\Illuminate\Routing\RouteCollection.php(162): Illuminate\Routing\AbstractRouteCollection->handleMatchedRoute(Object(Illuminate\Http\Request), NULL)
#1 D:\XAMPP\htdocs\PetFurme\vendor\laravel\framework\src\Illuminate\Routing\Router.php(761): Illuminate\Routing\RouteCollection->match(Object(Illuminate\Http\Request))
#2 D:\XAMPP\htdocs\PetFurme\vendor\laravel\framework\src\Illuminate\Routing\Router.php(748): Illuminate\Routing\Router->findRoute(Object(Illuminate\Http\Request))
#3 D:\XAMPP\htdocs\PetFurme\vendor\laravel\framework\src\Illuminate\Routing\Router.php(737): Illuminate\Routing\Router->dispatchToRoute(Object(Illuminate\Http\Request))
#4 D:\XAMPP\htdocs\PetFurme\vendor\laravel\framework\src\Illuminate\Foundation\Http\Kernel.php(200): Illuminate\Routing\Router->dispatch(Object(Illuminate\Http\Request))
#5 D:\XAMPP\htdocs\PetFurme\vendor\laravel\framework\src\Illuminate\Pipeline\Pipeline.php(144): Illuminate\Foundation\Http\Kernel->Illuminate\Foundation\Http\{closure}(Object(Illuminate\Http\Request))
#6 D:\XAMPP\htdocs\PetFurme\vendor\livewire\livewire\src\Features\SupportDisablingBackButtonCache\DisableBackButtonCacheMiddleware.php(19): Illuminate\Pipeline\Pipeline->Illuminate\Pipeline\{closure}(Object(Illuminate\Http\Request))
#7 D:\XAMPP\htdocs\PetFurme\vendor\laravel\framework\src\Illuminate\Pipeline\Pipeline.php(183): Livewire\Features\SupportDisablingBackButtonCache\DisableBackButtonCacheMiddleware->handle(Object(Illuminate\Http\Request), Object(Closure))
#8 D:\XAMPP\htdocs\PetFurme\vendor\beyondcode\laravel-query-detector\src\QueryDetectorMiddleware.php(27): Illuminate\Pipeline\Pipeline->Illuminate\Pipeline\{closure}(Object(Illuminate\Http\Request))
#9 D:\XAMPP\htdocs\PetFurme\vendor\laravel\framework\src\Illuminate\Pipeline\Pipeline.php(183): BeyondCode\QueryDetector\QueryDetectorMiddleware->handle(Object(Illuminate\Http\Request), Object(Closure))
#10 D:\XAMPP\htdocs\PetFurme\app\Http\Middleware\ResponseCache.php(28): Illuminate\Pipeline\Pipeline->Illuminate\Pipeline\{closure}(Object(Illuminate\Http\Request))
#11 D:\XAMPP\htdocs\PetFurme\vendor\laravel\framework\src\Illuminate\Pipeline\Pipeline.php(183): App\Http\Middleware\ResponseCache->handle(Object(Illuminate\Http\Request), Object(Closure))
#12 D:\XAMPP\htdocs\PetFurme\app\Http\Middleware\CacheControl.php(12): Illuminate\Pipeline\Pipeline->Illuminate\Pipeline\{closure}(Object(Illuminate\Http\Request))
#13 D:\XAMPP\htdocs\PetFurme\vendor\laravel\framework\src\Illuminate\Pipeline\Pipeline.php(183): App\Http\Middleware\CacheControl->handle(Object(Illuminate\Http\Request), Object(Closure))
#14 D:\XAMPP\htdocs\PetFurme\vendor\laravel\framework\src\Illuminate\Foundation\Http\Middleware\TransformsRequest.php(21): Illuminate\Pipeline\Pipeline->Illuminate\Pipeline\{closure}(Object(Illuminate\Http\Request))
#15 D:\XAMPP\htdocs\PetFurme\vendor\laravel\framework\src\Illuminate\Foundation\Http\Middleware\ConvertEmptyStringsToNull.php(31): Illuminate\Foundation\Http\Middleware\TransformsRequest->handle(Object(Illuminate\Http\Request), Object(Closure))
#16 D:\XAMPP\htdocs\PetFurme\vendor\laravel\framework\src\Illuminate\Pipeline\Pipeline.php(183): Illuminate\Foundation\Http\Middleware\ConvertEmptyStringsToNull->handle(Object(Illuminate\Http\Request), Object(Closure))
#17 D:\XAMPP\htdocs\PetFurme\vendor\laravel\framework\src\Illuminate\Foundation\Http\Middleware\TransformsRequest.php(21): Illuminate\Pipeline\Pipeline->Illuminate\Pipeline\{closure}(Object(Illuminate\Http\Request))
#18 D:\XAMPP\htdocs\PetFurme\vendor\laravel\framework\src\Illuminate\Foundation\Http\Middleware\TrimStrings.php(40): Illuminate\Foundation\Http\Middleware\TransformsRequest->handle(Object(Illuminate\Http\Request), Object(Closure))
#19 D:\XAMPP\htdocs\PetFurme\vendor\laravel\framework\src\Illuminate\Pipeline\Pipeline.php(183): Illuminate\Foundation\Http\Middleware\TrimStrings->handle(Object(Illuminate\Http\Request), Object(Closure))
#20 D:\XAMPP\htdocs\PetFurme\vendor\laravel\framework\src\Illuminate\Foundation\Http\Middleware\ValidatePostSize.php(27): Illuminate\Pipeline\Pipeline->Illuminate\Pipeline\{closure}(Object(Illuminate\Http\Request))
#21 D:\XAMPP\htdocs\PetFurme\vendor\laravel\framework\src\Illuminate\Pipeline\Pipeline.php(183): Illuminate\Foundation\Http\Middleware\ValidatePostSize->handle(Object(Illuminate\Http\Request), Object(Closure))
#22 D:\XAMPP\htdocs\PetFurme\vendor\laravel\framework\src\Illuminate\Foundation\Http\Middleware\PreventRequestsDuringMaintenance.php(99): Illuminate\Pipeline\Pipeline->Illuminate\Pipeline\{closure}(Object(Illuminate\Http\Request))
#23 D:\XAMPP\htdocs\PetFurme\vendor\laravel\framework\src\Illuminate\Pipeline\Pipeline.php(183): Illuminate\Foundation\Http\Middleware\PreventRequestsDuringMaintenance->handle(Object(Illuminate\Http\Request), Object(Closure))
#24 D:\XAMPP\htdocs\PetFurme\vendor\laravel\framework\src\Illuminate\Http\Middleware\HandleCors.php(49): Illuminate\Pipeline\Pipeline->Illuminate\Pipeline\{closure}(Object(Illuminate\Http\Request))
#25 D:\XAMPP\htdocs\PetFurme\vendor\laravel\framework\src\Illuminate\Pipeline\Pipeline.php(183): Illuminate\Http\Middleware\HandleCors->handle(Object(Illuminate\Http\Request), Object(Closure))
#26 D:\XAMPP\htdocs\PetFurme\vendor\laravel\framework\src\Illuminate\Http\Middleware\TrustProxies.php(39): Illuminate\Pipeline\Pipeline->Illuminate\Pipeline\{closure}(Object(Illuminate\Http\Request))
#27 D:\XAMPP\htdocs\PetFurme\vendor\laravel\framework\src\Illuminate\Pipeline\Pipeline.php(183): Illuminate\Http\Middleware\TrustProxies->handle(Object(Illuminate\Http\Request), Object(Closure))
#28 D:\XAMPP\htdocs\PetFurme\vendor\laravel\framework\src\Illuminate\Pipeline\Pipeline.php(119): Illuminate\Pipeline\Pipeline->Illuminate\Pipeline\{closure}(Object(Illuminate\Http\Request))
#29 D:\XAMPP\htdocs\PetFurme\vendor\laravel\framework\src\Illuminate\Foundation\Http\Kernel.php(175): Illuminate\Pipeline\Pipeline->then(Object(Closure))
#30 D:\XAMPP\htdocs\PetFurme\vendor\laravel\framework\src\Illuminate\Foundation\Http\Kernel.php(144): Illuminate\Foundation\Http\Kernel->sendRequestThroughRouter(Object(Illuminate\Http\Request))
#31 D:\XAMPP\htdocs\PetFurme\public\index.php(51): Illuminate\Foundation\Http\Kernel->handle(Object(Illuminate\Http\Request))
#32 D:\XAMPP\htdocs\PetFurme\vendor\laravel\framework\src\Illuminate\Foundation\resources\server.php(16): require_once('D:\\XAMPP\\htdocs...')
#33 {main}  
[2025-06-23 09:35:39] production.ERROR: Symfony\Component\Console\Exception\CommandNotFoundException: Command "env=local" is not defined. in D:\XAMPP\htdocs\PetFurme\vendor\symfony\console\Application.php:737
Stack trace:
#0 D:\XAMPP\htdocs\PetFurme\vendor\symfony\console\Application.php(266): Symfony\Component\Console\Application->find('env=local')
#1 D:\XAMPP\htdocs\PetFurme\vendor\symfony\console\Application.php(175): Symfony\Component\Console\Application->doRun(Object(Symfony\Component\Console\Input\ArgvInput), Object(Symfony\Component\Console\Output\ConsoleOutput))
#2 D:\XAMPP\htdocs\PetFurme\vendor\laravel\framework\src\Illuminate\Foundation\Console\Kernel.php(201): Symfony\Component\Console\Application->run(Object(Symfony\Component\Console\Input\ArgvInput), Object(Symfony\Component\Console\Output\ConsoleOutput))
#3 D:\XAMPP\htdocs\PetFurme\artisan(35): Illuminate\Foundation\Console\Kernel->handle(Object(Symfony\Component\Console\Input\ArgvInput), Object(Symfony\Component\Console\Output\ConsoleOutput))
#4 {main}  
[2025-06-23 09:35:39] production.ERROR: Command "env=local" is not defined. {"exception":"[object] (Symfony\\Component\\Console\\Exception\\CommandNotFoundException(code: 0): Command \"env=local\" is not defined. at D:\\XAMPP\\htdocs\\PetFurme\\vendor\\symfony\\console\\Application.php:737)
[stacktrace]
#0 D:\\XAMPP\\htdocs\\PetFurme\\vendor\\symfony\\console\\Application.php(266): Symfony\\Component\\Console\\Application->find('env=local')
#1 D:\\XAMPP\\htdocs\\PetFurme\\vendor\\symfony\\console\\Application.php(175): Symfony\\Component\\Console\\Application->doRun(Object(Symfony\\Component\\Console\\Input\\ArgvInput), Object(Symfony\\Component\\Console\\Output\\ConsoleOutput))
#2 D:\\XAMPP\\htdocs\\PetFurme\\vendor\\laravel\\framework\\src\\Illuminate\\Foundation\\Console\\Kernel.php(201): Symfony\\Component\\Console\\Application->run(Object(Symfony\\Component\\Console\\Input\\ArgvInput), Object(Symfony\\Component\\Console\\Output\\ConsoleOutput))
#3 D:\\XAMPP\\htdocs\\PetFurme\\artisan(35): Illuminate\\Foundation\\Console\\Kernel->handle(Object(Symfony\\Component\\Console\\Input\\ArgvInput), Object(Symfony\\Component\\Console\\Output\\ConsoleOutput))
#4 {main}
"} 
[2025-06-23 09:36:52] local.ERROR: Illuminate\Auth\AuthenticationException: Unauthenticated. in D:\XAMPP\htdocs\PetFurme\vendor\laravel\framework\src\Illuminate\Auth\Middleware\Authenticate.php:95
Stack trace:
#0 D:\XAMPP\htdocs\PetFurme\vendor\laravel\framework\src\Illuminate\Auth\Middleware\Authenticate.php(81): Illuminate\Auth\Middleware\Authenticate->unauthenticated(Object(Illuminate\Http\Request), Array)
#1 D:\XAMPP\htdocs\PetFurme\vendor\laravel\framework\src\Illuminate\Auth\Middleware\Authenticate.php(55): Illuminate\Auth\Middleware\Authenticate->authenticate(Object(Illuminate\Http\Request), Array)
#2 D:\XAMPP\htdocs\PetFurme\vendor\laravel\framework\src\Illuminate\Pipeline\Pipeline.php(183): Illuminate\Auth\Middleware\Authenticate->handle(Object(Illuminate\Http\Request), Object(Closure))
#3 D:\XAMPP\htdocs\PetFurme\vendor\laravel\framework\src\Illuminate\Foundation\Http\Middleware\VerifyCsrfToken.php(78): Illuminate\Pipeline\Pipeline->Illuminate\Pipeline\{closure}(Object(Illuminate\Http\Request))
#4 D:\XAMPP\htdocs\PetFurme\vendor\laravel\framework\src\Illuminate\Pipeline\Pipeline.php(183): Illuminate\Foundation\Http\Middleware\VerifyCsrfToken->handle(Object(Illuminate\Http\Request), Object(Closure))
#5 D:\XAMPP\htdocs\PetFurme\vendor\laravel\framework\src\Illuminate\View\Middleware\ShareErrorsFromSession.php(49): Illuminate\Pipeline\Pipeline->Illuminate\Pipeline\{closure}(Object(Illuminate\Http\Request))
#6 D:\XAMPP\htdocs\PetFurme\vendor\laravel\framework\src\Illuminate\Pipeline\Pipeline.php(183): Illuminate\View\Middleware\ShareErrorsFromSession->handle(Object(Illuminate\Http\Request), Object(Closure))
#7 D:\XAMPP\htdocs\PetFurme\vendor\laravel\framework\src\Illuminate\Session\Middleware\StartSession.php(121): Illuminate\Pipeline\Pipeline->Illuminate\Pipeline\{closure}(Object(Illuminate\Http\Request))
#8 D:\XAMPP\htdocs\PetFurme\vendor\laravel\framework\src\Illuminate\Session\Middleware\StartSession.php(64): Illuminate\Session\Middleware\StartSession->handleStatefulRequest(Object(Illuminate\Http\Request), Object(Illuminate\Session\Store), Object(Closure))
#9 D:\XAMPP\htdocs\PetFurme\vendor\laravel\framework\src\Illuminate\Pipeline\Pipeline.php(183): Illuminate\Session\Middleware\StartSession->handle(Object(Illuminate\Http\Request), Object(Closure))
#10 D:\XAMPP\htdocs\PetFurme\vendor\laravel\framework\src\Illuminate\Cookie\Middleware\AddQueuedCookiesToResponse.php(37): Illuminate\Pipeline\Pipeline->Illuminate\Pipeline\{closure}(Object(Illuminate\Http\Request))
#11 D:\XAMPP\htdocs\PetFurme\vendor\laravel\framework\src\Illuminate\Pipeline\Pipeline.php(183): Illuminate\Cookie\Middleware\AddQueuedCookiesToResponse->handle(Object(Illuminate\Http\Request), Object(Closure))
#12 D:\XAMPP\htdocs\PetFurme\vendor\laravel\framework\src\Illuminate\Cookie\Middleware\EncryptCookies.php(67): Illuminate\Pipeline\Pipeline->Illuminate\Pipeline\{closure}(Object(Illuminate\Http\Request))
#13 D:\XAMPP\htdocs\PetFurme\vendor\laravel\framework\src\Illuminate\Pipeline\Pipeline.php(183): Illuminate\Cookie\Middleware\EncryptCookies->handle(Object(Illuminate\Http\Request), Object(Closure))
#14 D:\XAMPP\htdocs\PetFurme\vendor\laravel\framework\src\Illuminate\Pipeline\Pipeline.php(119): Illuminate\Pipeline\Pipeline->Illuminate\Pipeline\{closure}(Object(Illuminate\Http\Request))
#15 D:\XAMPP\htdocs\PetFurme\vendor\laravel\framework\src\Illuminate\Routing\Router.php(805): Illuminate\Pipeline\Pipeline->then(Object(Closure))
#16 D:\XAMPP\htdocs\PetFurme\vendor\laravel\framework\src\Illuminate\Routing\Router.php(784): Illuminate\Routing\Router->runRouteWithinStack(Object(Illuminate\Routing\Route), Object(Illuminate\Http\Request))
#17 D:\XAMPP\htdocs\PetFurme\vendor\laravel\framework\src\Illuminate\Routing\Router.php(748): Illuminate\Routing\Router->runRoute(Object(Illuminate\Http\Request), Object(Illuminate\Routing\Route))
#18 D:\XAMPP\htdocs\PetFurme\vendor\laravel\framework\src\Illuminate\Routing\Router.php(737): Illuminate\Routing\Router->dispatchToRoute(Object(Illuminate\Http\Request))
#19 D:\XAMPP\htdocs\PetFurme\vendor\laravel\framework\src\Illuminate\Foundation\Http\Kernel.php(200): Illuminate\Routing\Router->dispatch(Object(Illuminate\Http\Request))
#20 D:\XAMPP\htdocs\PetFurme\vendor\laravel\framework\src\Illuminate\Pipeline\Pipeline.php(144): Illuminate\Foundation\Http\Kernel->Illuminate\Foundation\Http\{closure}(Object(Illuminate\Http\Request))
#21 D:\XAMPP\htdocs\PetFurme\vendor\livewire\livewire\src\Features\SupportDisablingBackButtonCache\DisableBackButtonCacheMiddleware.php(19): Illuminate\Pipeline\Pipeline->Illuminate\Pipeline\{closure}(Object(Illuminate\Http\Request))
#22 D:\XAMPP\htdocs\PetFurme\vendor\laravel\framework\src\Illuminate\Pipeline\Pipeline.php(183): Livewire\Features\SupportDisablingBackButtonCache\DisableBackButtonCacheMiddleware->handle(Object(Illuminate\Http\Request), Object(Closure))
#23 D:\XAMPP\htdocs\PetFurme\vendor\beyondcode\laravel-query-detector\src\QueryDetectorMiddleware.php(33): Illuminate\Pipeline\Pipeline->Illuminate\Pipeline\{closure}(Object(Illuminate\Http\Request))
#24 D:\XAMPP\htdocs\PetFurme\vendor\laravel\framework\src\Illuminate\Pipeline\Pipeline.php(183): BeyondCode\QueryDetector\QueryDetectorMiddleware->handle(Object(Illuminate\Http\Request), Object(Closure))
#25 D:\XAMPP\htdocs\PetFurme\app\Http\Middleware\ResponseCache.php(28): Illuminate\Pipeline\Pipeline->Illuminate\Pipeline\{closure}(Object(Illuminate\Http\Request))
#26 D:\XAMPP\htdocs\PetFurme\vendor\laravel\framework\src\Illuminate\Pipeline\Pipeline.php(183): App\Http\Middleware\ResponseCache->handle(Object(Illuminate\Http\Request), Object(Closure))
#27 D:\XAMPP\htdocs\PetFurme\app\Http\Middleware\CacheControl.php(12): Illuminate\Pipeline\Pipeline->Illuminate\Pipeline\{closure}(Object(Illuminate\Http\Request))
#28 D:\XAMPP\htdocs\PetFurme\vendor\laravel\framework\src\Illuminate\Pipeline\Pipeline.php(183): App\Http\Middleware\CacheControl->handle(Object(Illuminate\Http\Request), Object(Closure))
#29 D:\XAMPP\htdocs\PetFurme\vendor\laravel\framework\src\Illuminate\Foundation\Http\Middleware\TransformsRequest.php(21): Illuminate\Pipeline\Pipeline->Illuminate\Pipeline\{closure}(Object(Illuminate\Http\Request))
#30 D:\XAMPP\htdocs\PetFurme\vendor\laravel\framework\src\Illuminate\Foundation\Http\Middleware\ConvertEmptyStringsToNull.php(31): Illuminate\Foundation\Http\Middleware\TransformsRequest->handle(Object(Illuminate\Http\Request), Object(Closure))
#31 D:\XAMPP\htdocs\PetFurme\vendor\laravel\framework\src\Illuminate\Pipeline\Pipeline.php(183): Illuminate\Foundation\Http\Middleware\ConvertEmptyStringsToNull->handle(Object(Illuminate\Http\Request), Object(Closure))
#32 D:\XAMPP\htdocs\PetFurme\vendor\laravel\framework\src\Illuminate\Foundation\Http\Middleware\TransformsRequest.php(21): Illuminate\Pipeline\Pipeline->Illuminate\Pipeline\{closure}(Object(Illuminate\Http\Request))
#33 D:\XAMPP\htdocs\PetFurme\vendor\laravel\framework\src\Illuminate\Foundation\Http\Middleware\TrimStrings.php(40): Illuminate\Foundation\Http\Middleware\TransformsRequest->handle(Object(Illuminate\Http\Request), Object(Closure))
#34 D:\XAMPP\htdocs\PetFurme\vendor\laravel\framework\src\Illuminate\Pipeline\Pipeline.php(183): Illuminate\Foundation\Http\Middleware\TrimStrings->handle(Object(Illuminate\Http\Request), Object(Closure))
#35 D:\XAMPP\htdocs\PetFurme\vendor\laravel\framework\src\Illuminate\Foundation\Http\Middleware\ValidatePostSize.php(27): Illuminate\Pipeline\Pipeline->Illuminate\Pipeline\{closure}(Object(Illuminate\Http\Request))
#36 D:\XAMPP\htdocs\PetFurme\vendor\laravel\framework\src\Illuminate\Pipeline\Pipeline.php(183): Illuminate\Foundation\Http\Middleware\ValidatePostSize->handle(Object(Illuminate\Http\Request), Object(Closure))
#37 D:\XAMPP\htdocs\PetFurme\vendor\laravel\framework\src\Illuminate\Foundation\Http\Middleware\PreventRequestsDuringMaintenance.php(99): Illuminate\Pipeline\Pipeline->Illuminate\Pipeline\{closure}(Object(Illuminate\Http\Request))
#38 D:\XAMPP\htdocs\PetFurme\vendor\laravel\framework\src\Illuminate\Pipeline\Pipeline.php(183): Illuminate\Foundation\Http\Middleware\PreventRequestsDuringMaintenance->handle(Object(Illuminate\Http\Request), Object(Closure))
#39 D:\XAMPP\htdocs\PetFurme\vendor\laravel\framework\src\Illuminate\Http\Middleware\HandleCors.php(49): Illuminate\Pipeline\Pipeline->Illuminate\Pipeline\{closure}(Object(Illuminate\Http\Request))
#40 D:\XAMPP\htdocs\PetFurme\vendor\laravel\framework\src\Illuminate\Pipeline\Pipeline.php(183): Illuminate\Http\Middleware\HandleCors->handle(Object(Illuminate\Http\Request), Object(Closure))
#41 D:\XAMPP\htdocs\PetFurme\vendor\laravel\framework\src\Illuminate\Http\Middleware\TrustProxies.php(39): Illuminate\Pipeline\Pipeline->Illuminate\Pipeline\{closure}(Object(Illuminate\Http\Request))
#42 D:\XAMPP\htdocs\PetFurme\vendor\laravel\framework\src\Illuminate\Pipeline\Pipeline.php(183): Illuminate\Http\Middleware\TrustProxies->handle(Object(Illuminate\Http\Request), Object(Closure))
#43 D:\XAMPP\htdocs\PetFurme\vendor\laravel\framework\src\Illuminate\Pipeline\Pipeline.php(119): Illuminate\Pipeline\Pipeline->Illuminate\Pipeline\{closure}(Object(Illuminate\Http\Request))
#44 D:\XAMPP\htdocs\PetFurme\vendor\laravel\framework\src\Illuminate\Foundation\Http\Kernel.php(175): Illuminate\Pipeline\Pipeline->then(Object(Closure))
#45 D:\XAMPP\htdocs\PetFurme\vendor\laravel\framework\src\Illuminate\Foundation\Http\Kernel.php(144): Illuminate\Foundation\Http\Kernel->sendRequestThroughRouter(Object(Illuminate\Http\Request))
#46 D:\XAMPP\htdocs\PetFurme\public\index.php(51): Illuminate\Foundation\Http\Kernel->handle(Object(Illuminate\Http\Request))
#47 D:\XAMPP\htdocs\PetFurme\vendor\laravel\framework\src\Illuminate\Foundation\resources\server.php(16): require_once('D:\\XAMPP\\htdocs...')
#48 {main}  
[2025-06-23 09:36:54] local.INFO: Loading image: http://127.0.0.1:8000/storage/carousel/Carousel1.jpg  
[2025-06-23 09:36:54] local.INFO: Loading image: http://127.0.0.1:8000/storage/carousel/Carousel2.jpg  
[2025-06-23 09:36:54] local.INFO: Loading image: http://127.0.0.1:8000/storage/carousel/Carousel3.jpg  
[2025-06-23 09:37:32] local.ERROR: Symfony\Component\HttpKernel\Exception\NotFoundHttpException: The route check-email-delivery could not be found. in D:\XAMPP\htdocs\PetFurme\vendor\laravel\framework\src\Illuminate\Routing\AbstractRouteCollection.php:44
Stack trace:
#0 D:\XAMPP\htdocs\PetFurme\vendor\laravel\framework\src\Illuminate\Routing\RouteCollection.php(162): Illuminate\Routing\AbstractRouteCollection->handleMatchedRoute(Object(Illuminate\Http\Request), NULL)
#1 D:\XAMPP\htdocs\PetFurme\vendor\laravel\framework\src\Illuminate\Routing\Router.php(761): Illuminate\Routing\RouteCollection->match(Object(Illuminate\Http\Request))
#2 D:\XAMPP\htdocs\PetFurme\vendor\laravel\framework\src\Illuminate\Routing\Router.php(748): Illuminate\Routing\Router->findRoute(Object(Illuminate\Http\Request))
#3 D:\XAMPP\htdocs\PetFurme\vendor\laravel\framework\src\Illuminate\Routing\Router.php(737): Illuminate\Routing\Router->dispatchToRoute(Object(Illuminate\Http\Request))
#4 D:\XAMPP\htdocs\PetFurme\vendor\laravel\framework\src\Illuminate\Foundation\Http\Kernel.php(200): Illuminate\Routing\Router->dispatch(Object(Illuminate\Http\Request))
#5 D:\XAMPP\htdocs\PetFurme\vendor\laravel\framework\src\Illuminate\Pipeline\Pipeline.php(144): Illuminate\Foundation\Http\Kernel->Illuminate\Foundation\Http\{closure}(Object(Illuminate\Http\Request))
#6 D:\XAMPP\htdocs\PetFurme\vendor\livewire\livewire\src\Features\SupportDisablingBackButtonCache\DisableBackButtonCacheMiddleware.php(19): Illuminate\Pipeline\Pipeline->Illuminate\Pipeline\{closure}(Object(Illuminate\Http\Request))
#7 D:\XAMPP\htdocs\PetFurme\vendor\laravel\framework\src\Illuminate\Pipeline\Pipeline.php(183): Livewire\Features\SupportDisablingBackButtonCache\DisableBackButtonCacheMiddleware->handle(Object(Illuminate\Http\Request), Object(Closure))
#8 D:\XAMPP\htdocs\PetFurme\vendor\beyondcode\laravel-query-detector\src\QueryDetectorMiddleware.php(33): Illuminate\Pipeline\Pipeline->Illuminate\Pipeline\{closure}(Object(Illuminate\Http\Request))
#9 D:\XAMPP\htdocs\PetFurme\vendor\laravel\framework\src\Illuminate\Pipeline\Pipeline.php(183): BeyondCode\QueryDetector\QueryDetectorMiddleware->handle(Object(Illuminate\Http\Request), Object(Closure))
#10 D:\XAMPP\htdocs\PetFurme\app\Http\Middleware\ResponseCache.php(28): Illuminate\Pipeline\Pipeline->Illuminate\Pipeline\{closure}(Object(Illuminate\Http\Request))
#11 D:\XAMPP\htdocs\PetFurme\vendor\laravel\framework\src\Illuminate\Pipeline\Pipeline.php(183): App\Http\Middleware\ResponseCache->handle(Object(Illuminate\Http\Request), Object(Closure))
#12 D:\XAMPP\htdocs\PetFurme\app\Http\Middleware\CacheControl.php(12): Illuminate\Pipeline\Pipeline->Illuminate\Pipeline\{closure}(Object(Illuminate\Http\Request))
#13 D:\XAMPP\htdocs\PetFurme\vendor\laravel\framework\src\Illuminate\Pipeline\Pipeline.php(183): App\Http\Middleware\CacheControl->handle(Object(Illuminate\Http\Request), Object(Closure))
#14 D:\XAMPP\htdocs\PetFurme\vendor\laravel\framework\src\Illuminate\Foundation\Http\Middleware\TransformsRequest.php(21): Illuminate\Pipeline\Pipeline->Illuminate\Pipeline\{closure}(Object(Illuminate\Http\Request))
#15 D:\XAMPP\htdocs\PetFurme\vendor\laravel\framework\src\Illuminate\Foundation\Http\Middleware\ConvertEmptyStringsToNull.php(31): Illuminate\Foundation\Http\Middleware\TransformsRequest->handle(Object(Illuminate\Http\Request), Object(Closure))
#16 D:\XAMPP\htdocs\PetFurme\vendor\laravel\framework\src\Illuminate\Pipeline\Pipeline.php(183): Illuminate\Foundation\Http\Middleware\ConvertEmptyStringsToNull->handle(Object(Illuminate\Http\Request), Object(Closure))
#17 D:\XAMPP\htdocs\PetFurme\vendor\laravel\framework\src\Illuminate\Foundation\Http\Middleware\TransformsRequest.php(21): Illuminate\Pipeline\Pipeline->Illuminate\Pipeline\{closure}(Object(Illuminate\Http\Request))
#18 D:\XAMPP\htdocs\PetFurme\vendor\laravel\framework\src\Illuminate\Foundation\Http\Middleware\TrimStrings.php(40): Illuminate\Foundation\Http\Middleware\TransformsRequest->handle(Object(Illuminate\Http\Request), Object(Closure))
#19 D:\XAMPP\htdocs\PetFurme\vendor\laravel\framework\src\Illuminate\Pipeline\Pipeline.php(183): Illuminate\Foundation\Http\Middleware\TrimStrings->handle(Object(Illuminate\Http\Request), Object(Closure))
#20 D:\XAMPP\htdocs\PetFurme\vendor\laravel\framework\src\Illuminate\Foundation\Http\Middleware\ValidatePostSize.php(27): Illuminate\Pipeline\Pipeline->Illuminate\Pipeline\{closure}(Object(Illuminate\Http\Request))
#21 D:\XAMPP\htdocs\PetFurme\vendor\laravel\framework\src\Illuminate\Pipeline\Pipeline.php(183): Illuminate\Foundation\Http\Middleware\ValidatePostSize->handle(Object(Illuminate\Http\Request), Object(Closure))
#22 D:\XAMPP\htdocs\PetFurme\vendor\laravel\framework\src\Illuminate\Foundation\Http\Middleware\PreventRequestsDuringMaintenance.php(99): Illuminate\Pipeline\Pipeline->Illuminate\Pipeline\{closure}(Object(Illuminate\Http\Request))
#23 D:\XAMPP\htdocs\PetFurme\vendor\laravel\framework\src\Illuminate\Pipeline\Pipeline.php(183): Illuminate\Foundation\Http\Middleware\PreventRequestsDuringMaintenance->handle(Object(Illuminate\Http\Request), Object(Closure))
#24 D:\XAMPP\htdocs\PetFurme\vendor\laravel\framework\src\Illuminate\Http\Middleware\HandleCors.php(49): Illuminate\Pipeline\Pipeline->Illuminate\Pipeline\{closure}(Object(Illuminate\Http\Request))
#25 D:\XAMPP\htdocs\PetFurme\vendor\laravel\framework\src\Illuminate\Pipeline\Pipeline.php(183): Illuminate\Http\Middleware\HandleCors->handle(Object(Illuminate\Http\Request), Object(Closure))
#26 D:\XAMPP\htdocs\PetFurme\vendor\laravel\framework\src\Illuminate\Http\Middleware\TrustProxies.php(39): Illuminate\Pipeline\Pipeline->Illuminate\Pipeline\{closure}(Object(Illuminate\Http\Request))
#27 D:\XAMPP\htdocs\PetFurme\vendor\laravel\framework\src\Illuminate\Pipeline\Pipeline.php(183): Illuminate\Http\Middleware\TrustProxies->handle(Object(Illuminate\Http\Request), Object(Closure))
#28 D:\XAMPP\htdocs\PetFurme\vendor\laravel\framework\src\Illuminate\Pipeline\Pipeline.php(119): Illuminate\Pipeline\Pipeline->Illuminate\Pipeline\{closure}(Object(Illuminate\Http\Request))
#29 D:\XAMPP\htdocs\PetFurme\vendor\laravel\framework\src\Illuminate\Foundation\Http\Kernel.php(175): Illuminate\Pipeline\Pipeline->then(Object(Closure))
#30 D:\XAMPP\htdocs\PetFurme\vendor\laravel\framework\src\Illuminate\Foundation\Http\Kernel.php(144): Illuminate\Foundation\Http\Kernel->sendRequestThroughRouter(Object(Illuminate\Http\Request))
#31 D:\XAMPP\htdocs\PetFurme\public\index.php(51): Illuminate\Foundation\Http\Kernel->handle(Object(Illuminate\Http\Request))
#32 D:\XAMPP\htdocs\PetFurme\vendor\laravel\framework\src\Illuminate\Foundation\resources\server.php(16): require_once('D:\\XAMPP\\htdocs...')
#33 {main}  
[2025-06-23 09:40:13] local.INFO: Dashboard Counts: {"total_pets":1,"today_pets":0,"total_appointments":7,"today_appointments":0} 
[2025-06-23 09:42:06] local.INFO: Fetched pets data: {"total_count":1,"pending_count":1,"verified_count":0,"filter_type":"all"} 
[2025-06-23 09:42:24] local.INFO: Fetched products: {"count":5,"user_id":1} 
